Vehicle ID,Departure Time,Arrival Time,Travel Time,Waiting Time,Route Length
ai_c6100f07c4ee4a3b915275ee170c2b42,7.4,44.9,37.5,0.0,402.39
ai_46f120d0ec7d4373af914db84be9812d,10.3,59.6,49.3,0.0,631.99
ai_dee217456bf24d21af128646ddfc1187,26.7,60.8,34.1,0.0,402.39
ai_4b5f2d8607424a33b8fb233793ab44f0,13.0,71.4,58.4,0.0,640.31
ai_e0c10665c9ff4de688eb6970682645f9,5.6,74.3,68.7,1.3,830.68
ai_527116df29354d50920e3747b033bd56,18.7,74.7,56.0,0.0,624.05
ai_9fd6724725394eb7aa636f832d868429,33.9,76.1,42.2,0.6,418.1
ai_4b1cb2f7f74f475d8ade840d9523bdd4,10.5,80.6,70.1,0.9,854.83
emergency_90098a47818941128be5e9956f3b7d6b,20.2,80.6,60.4,1.1,642.47
ai_232767e6a5644f11869243111030ef7a,20.4,90.8,70.4,0.3,846.89
ai_1ba338f806ab487e800482ad338d8efc,3.0,93.3,90.3,1.2,850.36
ai_19055e321d77431b8a1d97c0f71f5838,4.5,94.1,89.6,2.6,850.97
ai_44b776a28b29445a948b16b524e8eb7d,8.8,96.8,88.0,0.0,857.97
ai_a9e8f7a3a9dc425cba34460455dc1998,35.3,97.5,62.2,0.2,627.0
ai_0888ab26462346c788650418959a9bc8,35.4,98.5,63.1,2.9,863.0
ai_7906e4907dc54f8090a124c10c6ed6a1,28.2,103.9,75.7,0.8,870.67
ai_0d43660e47844c3b9bc78499d85cf289,10.7,105.6,94.9,0.7,857.36
ai_b7896e993f454245974c0a87e21a1d99,18.8,107.0,88.2,4.6,867.67
ai_2d8d8e34ced44686a2b93ffe3761a2da,44.5,108.1,63.6,0.9,640.31
ai_aab42c10e8e94bcf8664cb286f4a54b5,24.1,108.5,84.4,2.8,859.73
ai_0efeac9d878e4023a302d69750bb4fe3,32.3,109.0,76.7,0.2,854.83
ai_5a213346583546a092bb05f7dfb2f690,36.4,111.6,75.2,0.0,854.83
ai_10a97efc7e2c46828a6e26e98a78aa6c,11.2,114.6,103.4,8.9,854.26
ai_932e6a8ed720494bbb8f8bb5a5414e22,70.6,115.7,45.1,0.0,400.29
ai_89adf5ef2f4e4e07bddb7bb0eab9fe2b,43.4,117.0,73.6,0.2,857.97
ai_51a7d31a57c140798492eda935300451,53.3,117.4,64.1,3.2,643.97
ai_706b9ed3124541a78e130ba9d2da59a9,83.0,117.6,34.6,0.5,402.39
ai_54d398c1d08e43eb9526667ef6139e48,35.0,119.6,84.6,4.4,870.7
ai_8dc1928b9738436ab348cc1bac446f36,57.0,121.9,64.9,0.0,859.73
ai_8c2cfa70587849fc8aad7cf063897f38,44.7,128.2,83.5,2.0,870.2
ai_e3112b6638054c37898b7ac0358aaeb8,30.7,128.3,97.6,4.4,841.89
ai_888736b5f2654b3a8f2802ac72557443,45.6,133.6,88.0,2.3,843.52
ai_e360b42cbd8d4776aa07ba0f24aca1e0,64.9,135.0,70.1,0.1,859.63
ai_6237785e609f4ea68f201b4919f3a516,56.0,135.3,79.3,10.6,631.99
ai_126bea64190d4e3996ec914bf3008f40,62.8,136.2,73.4,0.0,856.83
ai_80059703fbb149ea9a0333e7f9245463,56.9,137.2,80.3,1.1,870.7
ai_98935b2555bd474fa95942c7423b9763,85.0,140.6,55.6,0.0,643.97
ai_fa456a9b2d0940ca95b0a71243b388af,89.3,145.0,55.7,5.1,405.25
ai_e98cd352744a4a77a479febff7eeb5e7,71.6,145.9,74.3,1.0,860.5
ai_db5112e7bf454355ab5f6edc0fbd417b,76.4,146.0,69.6,0.1,859.63
ai_0d1b0a6f3f424a0f9e7e34dff35475e6,60.7,146.1,85.4,1.1,823.68
ai_3e2150c5b4bf463c8c25fd12a69b5b85,102.4,146.3,43.9,0.0,408.23
ai_ee49c5dfac554fa8a835ac7513f43b97,97.7,151.4,53.7,0.1,640.31
ai_50daf315ddaa41f48c89859b763ccc5f,75.9,152.0,76.1,0.1,859.73
ai_2bdade01c7834f7ea4b8cfb92b89e1cd,98.0,152.9,54.9,4.5,405.25
ai_05fcc040c5f54e74869dc49af8899545,82.2,154.3,72.1,1.0,870.47
ai_a06f414f5f9b485dbd0db57c853f6718,105.7,163.5,57.8,0.0,624.05
ai_a9f06e4d1bc4443e89f027c466245a8e,71.9,164.6,92.7,0.8,849.36
ai_4c583f80f047411b81d71f6eb63495a2,111.0,164.9,53.9,0.0,405.25
ai_dc72bc5d308741768ddc29e3eed4253b,115.1,170.6,55.5,0.0,627.0
ai_4c5d3958dcb247a2b3dc74f69b04b363,85.1,174.8,89.7,14.0,647.59
ai_90205edcd99b4effb773c4f650fce9c5,98.7,177.3,78.6,0.4,836.99
ai_01aaf8d7cf384ba1a79bdd1527bb5d1b,124.4,182.4,58.0,1.5,643.97
ai_1fc66139853f4e1998c122c3f9f9fe6e,110.8,184.2,73.4,1.2,629.89
ai_23b82190da784022ba3f8aa79ccb6fef,96.8,184.8,88.0,1.0,861.14
ai_72330344827f4d4ea24fb40851d349c7,122.7,185.7,63.0,4.2,646.77
ai_778af5b979f24d85a944460e9f1969d9,145.7,185.9,40.2,0.1,415.23
ai_511c3c9706b74c88a21404a0fe6fe0f0,80.9,188.2,107.3,3.2,868.1
ai_ee99a837dc494c02b4e2e12766642506,102.7,192.0,89.3,3.5,843.52
ai_04ba57cbbbe443beaad1f51c9d440ce4,103.2,192.3,89.1,0.0,839.89
ai_6ced4b4e53f2463b831a1e01ddc3cfab,115.3,192.3,77.0,4.8,868.14
ai_64b510d0cfa346ad80f23d90419aea9e,100.6,192.5,91.9,2.2,860.5
ai_c32f982a1c774e6cb438ef573df9dfe7,108.1,193.7,85.6,0.2,854.83
ai_8c6ab06eb5924693a58b5d770f3be80b,129.3,193.7,64.4,0.0,843.99
ai_80a6c74f623344a2b4a79f671dce580c,122.7,195.8,73.1,0.1,867.67
ai_0b20d45db3674829852590218833f79c,135.7,201.2,65.5,0.0,846.32
ai_996965fe2dbb4a3fbebc2c5de288bc87,106.6,201.9,95.3,9.0,873.5
ai_e0a0cf80b211457886d546514c84729d,92.7,202.5,109.8,6.3,860.66
ai_c3388f9ea15c437a8988669d4c7ae00c,103.3,204.9,101.6,0.2,870.67
ai_6ffdefade0284f41b1a2cdc912784739,146.1,209.6,63.5,2.6,627.31
ai_527cde98883a4b5fa94d17afd1ee71e4,122.0,213.1,91.1,5.3,860.5
ai_ec913548e3884905a5caff8234c45a96,177.3,213.4,36.1,0.0,402.39
ai_d0100670847141c7975af038e99f2bb7,138.5,213.6,75.1,1.0,862.76
ai_4b8d0d2801f84962bebaf20ec22b9ace,139.4,218.5,79.1,0.2,856.83
ai_bd83246c9b4e43f7aa33f0b765f5cbd0,132.2,222.9,90.7,1.6,866.04
ai_11f71fba392049959d46ca4d2d53a56b,116.7,224.9,108.2,1.2,852.73
ai_3cc8fd95e7df41c69794f49588d624dd,147.2,231.3,84.1,8.7,637.74
ai_ec07cdbe872d4a9aae2176b80d28de45,162.1,233.0,70.9,0.3,846.89
ai_d27165d6dc004565a70e0f72ac1e56a7,128.9,233.4,104.5,9.1,870.2
ai_69a6d20a015c4b078ae562ecc09b3995,146.5,234.4,87.9,20.5,650.39
ai_451deb21d175479caab0292750a43b3f,163.9,236.1,72.2,0.0,868.14
ai_eb496243ed5344dcbda0fca7ffb1c9c6,180.4,236.2,55.8,0.3,614.0
ai_ecabb6a52fda40798940f0332d59d5ae,191.8,238.2,46.4,0.6,395.39
ai_e60db170ee044bc5936c8d2241728fc2,157.1,239.5,82.4,10.8,647.59
ai_4c340c3244c94ea786cd2a51b044b8e4,172.4,241.9,69.5,0.2,860.2
ai_ee1b57a08dc34afd9e84610ecfb3fc3a,166.4,243.6,77.2,0.3,843.52
ai_6f8d0467280c40a88cddd24a8c88856d,178.3,244.0,65.7,0.0,833.48
ai_1eeb883007b541e2bed4689b997f9a4e,195.1,253.9,58.8,0.9,643.97
ai_1954f215fcc64286b7724c41ac4376a4,153.8,254.5,100.7,2.2,852.73
ai_5188fac3606147c89e7e5e7c0b519ef5,173.3,258.7,85.4,8.7,843.52
ai_5455b28c179a4791a186cb1ce9f319bc,188.2,258.7,70.5,0.3,830.68
ai_15f617274a8b487f96b33d513e9825e8,197.8,258.8,61.0,0.6,624.05
ai_3e9671c96e084ac5b7cb3363bc1aa30c,184.6,261.5,76.9,1.1,870.7
ai_fff151471c25489aa18ef7c366de1c99,225.2,263.5,38.3,0.6,418.1
ai_ccb8e7bed180418094eaf99c338a6686,196.4,266.7,70.3,0.0,857.97
ai_c635acc2869c4bff9e482f61d8929842,195.8,270.9,75.1,1.0,860.5
ai_08cbdf2264164015afbd569d1fb76898,232.8,272.5,39.7,1.9,418.03
ai_6009dd9088d04508acb6d1a9d3eec482,205.6,272.8,67.2,0.3,859.16
ai_9601ae9b156e45aa80ce142d0af7d413,203.7,274.0,70.3,1.4,873.47
ai_075d3b45034c400c81cb98fe8d508953,233.6,274.2,40.6,0.0,395.39
ai_636f07557e3e44a6a7c1462406e3e6cd,214.1,275.1,61.0,0.8,645.06
ai_8410f7b227a74ee197196f548020d7e1,201.9,275.9,74.0,0.6,846.89
ai_202bcbf355474b83aecf2c82a15b04c9,180.7,277.8,97.1,8.2,836.52
ai_891bb6c98d5742868f23c2524b9ff6fb,232.7,278.6,45.9,0.1,616.8
ai_ebe526d1c998480c81be26dec92002cd,200.2,279.6,79.4,5.9,846.32
ai_32b5080961d246d3985cdfde2cd69a6c,222.6,284.7,62.1,1.5,624.05
ai_3fa278de0a9b44ae914cd43a16e29e21,204.5,286.6,82.1,3.0,854.83
ai_d633797846eb413493daf6a55ed4b92c,212.9,288.8,75.9,0.1,860.2
ai_39d737618a4b4402b121c3e8409d0678,208.6,293.7,85.1,0.3,854.73
ai_48c697e706074a448809168d2d1fc897,231.5,298.3,66.8,0.0,860.2
ai_f0d5f210ab0345f594cfb19df518256a,242.0,299.0,57.0,0.8,626.84
ai_6de5e57df05048c7b9a4373954cf4794,230.8,302.0,71.2,0.1,868.14
ai_9e5cdc173f974aaa92759bd6f2ec6f1d,234.4,302.7,68.3,0.1,854.83
ai_ff7232d8ba034bb8a3faa5ef03751a97,234.3,304.8,70.5,0.1,870.94
ai_5b0b456bf5d34811a0f6d0ba136f0536,241.6,306.2,64.6,0.0,857.97
ai_51102fb22a6746b284326547b5481a7d,226.4,309.8,83.4,0.5,860.5
ai_28fb99696e5642e89ee64a72c6bd34d3,239.7,311.0,71.3,0.9,873.5
ai_0960105f4735426282927cdb4088e941,222.5,313.2,90.7,1.0,863.2
ai_719478b2a1014946beaf1894ea73d264,216.9,315.9,99.0,11.1,849.83
ai_6ef99953bf8a41dcbd6d061c9c4b2b7c,260.1,318.1,58.0,0.2,626.84
ai_29210b219a3c4cc6b591f4595b0853fa,218.3,319.3,101.0,0.9,865.57
ai_f35f6c377608401db69127aaced35b90,274.2,321.9,47.7,0.2,413.13
ai_89a67e1e497146de9b712d0fd66fcaf4,262.7,323.0,60.3,1.4,643.97
ai_d24066a9f7c1434eb8f9d82934f5789b,276.4,325.6,49.2,0.4,647.86
ai_5793ae24591d40f58e4a7e04166a7274,251.5,326.4,74.9,0.1,854.83
ai_87f286f431f34751a9351dcf929cdc7a,258.8,329.4,70.6,0.5,868.14
ai_302b40ea53e34fe2b8bd463722b2f6f1,238.1,332.1,94.0,2.1,863.67
ai_183d7e8bbd49416cb81530586da75901,250.1,332.8,82.7,10.1,843.52
ai_cbdea58ed32546a3aa82017858c39364,255.3,336.0,80.7,0.0,858.1
ai_e3739d84836c4e679041f0b7ac76f3e9,281.4,338.2,56.8,2.0,624.05
ai_0156b77f0cd841cb9fcb01d177ad8799,255.7,339.6,83.9,0.2,841.89
ai_6014ad53c1be4f00983605caca7b6c90,242.0,340.9,98.9,5.7,870.2
ai_73f61233ff2e479e8f4901b486e392a4,275.1,341.7,66.6,0.6,860.77
ai_02b9dc07e3b64bbdb034acfaff0a4254,240.9,341.9,101.0,16.5,856.83
ai_241e7f1bc27c4578b36306111bd5ee04,287.7,342.6,54.9,16.7,418.1
ai_6834da797f054c05b52d0d5c5570834e,254.0,348.6,94.6,6.0,863.3
ai_80a38cdac4c1444384c164a1026fc7a9,294.9,349.7,54.8,0.5,639.84
ai_43355192d36e44e0826a82e98d5f56f8,290.7,350.3,59.6,9.6,413.13
ai_02f099ac3b534d1a9d13f7b2ab11f9d5,276.6,352.6,76.0,6.3,870.7
ai_12fed64d03304f1dab5d3701e6f1035d,292.5,352.9,60.4,3.4,645.06
ai_2a409d1d0ff44bf297a8da6d3ea8561b,295.0,355.8,60.8,0.1,627.31
ai_594010a1f976431a9704e228ea86c407,325.5,359.0,33.5,0.7,418.03
ai_a0a6abe437b44dcc842e0c65ff591f5a,250.7,360.7,110.0,5.7,868.57
ai_840dbbf8ae42407cbe7373948809c0f6,266.6,363.0,96.4,11.6,647.59
ai_b63304d6d6214ddba5a886ecddba0b38,256.1,366.4,110.3,32.0,856.36
ai_9303273b802e4a8b8a02b43997e9fef4,279.2,367.5,88.3,0.1,858.1
ai_b8872970001145a78de5230b958f7cf8,292.2,367.6,75.4,0.1,868.14
ai_7db0e3b1ea524f44be6a1d5e49b367de,284.7,369.5,84.8,0.8,830.68
ai_faec669a8ce7487d9671e92f92db79e5,314.5,371.2,56.7,2.7,626.85
ai_7ef5ee748c6b4558bb0f1f9896772e10,257.0,371.7,114.7,8.0,857.36
ai_3e9bae85f0924b6fa1d98b50f3c61670,259.7,372.9,113.2,5.5,870.67
ai_36fa74173e8843d38664c9bf528281bc,268.5,374.3,105.8,22.7,856.83
ai_4d3f1ab7c25d40c7aaa3a72a0533bbf4,283.6,375.3,91.7,2.0,860.67
ai_860b8a31dff448169452d71e8f027cff,309.2,375.7,66.5,3.9,643.97
ai_0f0ec8b9d7c24176a03b4faaee113855,297.6,375.9,78.3,21.6,643.97
ai_26ff4951c9194cffb97677ce2b4d7d87,284.9,377.2,92.3,1.1,860.5
ai_d4527d387e1c469ab98fc24a962cbb48,294.4,377.5,83.1,1.2,843.52
ai_988237f9d3274528aca03c93a71694c6,324.8,379.8,55.0,1.6,643.97
ai_bfba820d5e854e0ea1e4da791427ebd7,329.1,380.8,51.7,1.4,416.0
ai_daec13d9555a41368f30c3f0644b817c,347.9,383.0,35.1,0.0,402.39
ai_c69469bceb454a139d56b6555004ad07,305.4,383.4,78.0,0.8,857.36
ai_36c5ff218d88499c8a4a833f7e4e632b,287.5,385.5,98.0,2.4,860.5
ai_5fe417f32de9410c979e95648ef8949d,291.7,385.9,94.2,17.4,862.76
ai_ce7fae7771f642ffa598cba502e2d65e,328.7,386.7,58.0,3.6,643.97
ai_dddc5ffa66984dc9b760f3d3aec9c1a6,321.2,388.5,67.3,7.6,624.05
ai_b432c1d506ec45baa0fab814d8770946,358.2,389.3,31.1,0.0,418.03
ai_024b66f1a1354c74835389524e24e78c,325.0,393.5,68.5,0.3,626.84
ai_3a0335003cf142d5a3af874714224580,323.8,393.9,70.1,5.9,631.99
ai_a7f6fbf12f7a4867b36379c9cd8c1112,321.7,396.0,74.3,0.2,857.97
ai_f8cd4dd2b62d4777bc796d1f7aa5c313,331.7,398.4,66.7,0.0,621.95
ai_7b24450200cc4a7ebdba858eb0b62ced,314.7,399.1,84.4,0.2,867.67
ai_0243a15e77c944f5b48df5abff851e43,336.2,399.5,63.3,2.5,643.97
ai_d29146cfab4c4a32a35a7e8d01e5d05f,326.4,400.7,74.3,0.1,867.67
ai_8c7ad1d6f4204ad588a551b8ea936ffc,338.8,405.6,66.8,5.8,640.31
ai_2bb6a384c93a42fe9f914f4055176025,300.2,406.1,105.9,17.6,870.7
ai_7c5fde8fda494c9e917347b5016b0ae4,318.9,408.8,89.9,7.4,870.67
ai_2011e91a2d0243539c6b1aa43feac336,318.1,413.0,94.9,10.9,843.52
ai_ac784be0335d4390bfb54e7f59c13c58,307.8,413.1,105.3,6.9,857.63
ai_139d76fc873b4aa59bffe6b6b0f42238,357.7,415.8,58.1,0.0,624.05
ai_6bf8efd1289b4f2d9ef24ec0709c2932,338.1,417.5,79.4,0.5,846.89
ai_3d2107c1b18342a1b59312d5cc1ddf46,329.4,417.6,88.2,11.0,856.83
ai_f26bbcf4873642c88e5b718e3c07713b,368.3,417.9,49.6,0.2,413.13
ai_d38ff6cfaa154bbb9f48909b35aa8e93,346.2,418.7,72.5,0.5,843.99
ai_4ba8de3ccf564600b453600171d0c9bb,310.2,419.8,109.6,17.0,862.76
ai_9c67b178063b47b89772264bd5613b0a,312.3,420.3,108.0,15.2,843.52
ai_0eb4fcd9ef7846feb438875687e8d0c8,359.9,420.7,60.8,0.7,614.0
ai_607e49b6daf9420fb7393ca468446f0d,384.8,428.4,43.6,0.0,400.29
ai_f34c4c4e4deb4187b7cf9ef93466ad06,373.6,428.9,55.3,9.1,415.23
ai_79db9ad02e0d44f59113f2c2b28d1f45,343.3,429.5,86.2,17.5,641.87
ai_c0da2111019842b1beb136d9c3551758,362.1,431.2,69.1,0.3,638.06
ai_68f674f702cd41b0ae151a6457e64f4e,350.7,431.4,80.7,2.9,860.2
ai_fa5e776dea7d47d38df216cfb9966c5c,345.1,432.4,87.3,13.2,870.47
ai_8b53e399c17040668b5c0d54f8657330,369.3,440.0,70.7,0.3,870.94
ai_78fcaa1e172e4ce09c20a45cdb5c61f8,374.8,441.3,66.5,0.1,870.94
ai_ae3a41b50bd84702bb2dbfc1d2b5db12,334.7,443.1,108.4,13.0,862.76
ai_e6cb5ab72530464084214924ca057dbb,372.5,444.0,71.5,9.4,631.99
ai_91e43322fa8640548c50c8c1d7725fe4,348.0,445.8,97.8,3.4,863.67
ai_dbe45426b8f34faca1fd1ef628bc14fa,367.7,448.6,80.9,0.0,868.14
ai_8bf16bb93c374402861fdaaafdf94e2d,383.4,451.5,68.1,2.3,846.32
ai_fe487a68ace4420baa93b38988618527,385.3,454.8,69.5,0.4,854.83
ai_c1151de40aa347c295f038383fab7afc,370.3,455.8,85.5,6.4,843.52
ai_42161bdc4e2249a595acdc38d03db274,371.7,457.7,86.0,0.2,861.14
ai_0a2c995c0f1647df9969231e917b691d,413.8,466.2,52.4,0.3,631.99
ai_1b69d65fff2f414a9f077e63b78b6783,403.8,467.5,63.7,0.5,863.0
ai_2ac22f17e11741e4a2aac046b27abba5,379.6,470.9,91.3,1.2,852.73
ai_208524d08319470b924b47989574a2f5,370.7,471.0,100.3,4.7,854.73
ai_50b1beffe5004e8eba43a1dd07bb564e,409.4,472.9,63.5,0.1,627.0
ai_95eeafffbc4b4dc3820dfa2571d00b63,412.7,473.1,60.4,0.3,627.31
ai_7ca4edd572e54ca288913e7a0fce74a1,417.8,478.0,60.2,0.0,614.0
ai_b6c82b2437f64166953a9ea36adb1130,383.7,482.7,99.0,0.2,849.83
ai_93f58870198a460cbf3cb8758ff83699,451.7,486.9,35.2,0.0,402.39
ai_daa32a1fafb3459897b523690c67044f,407.1,487.1,80.0,0.4,843.52
ai_f78c98cc3f1444eba6742857f6bcac07,433.1,490.0,56.9,0.1,626.85
ai_68be4c3c59dd4306944e29ea0b70241e,438.6,494.2,55.6,0.8,643.97
ai_b66a93966a23464584164a919592d1a0,436.0,495.2,59.2,5.4,639.84
ai_f0b6a937c022492dbd5262887b9bfd6e,407.5,499.3,91.8,5.7,870.67
ai_4c7e7cd13d074bc883f443629e1c7d68,391.2,500.3,109.1,9.4,858.4
ai_1423603c69e245dea6e95ded4f40cf4f,402.0,500.3,98.3,0.5,868.6
ai_8194df1f4600425ea22d885297aad032,425.7,501.3,75.6,4.8,843.52
ai_b2346795c25c44fd9ae2c744415d23f4,414.7,503.8,89.1,0.3,860.66
ai_67475290d45a43dea6f8f5ab75fe7cdc,423.1,503.8,80.7,0.0,868.14
ai_f5080f315dc64216a3d201e5034f40c9,441.2,505.0,63.8,0.3,643.97
ai_cf210110491c43629d79cc46f251ff7b,471.4,506.6,35.2,0.9,405.25
ai_a409761d2d8744de8658a4db007e5338,449.8,508.3,58.5,1.8,614.0
ai_e2fb6bc84fee42d0bba83b6f9af6fa11,412.3,511.0,98.7,9.0,852.73
ai_a46ac3c2e72a4fc582ffe9d43bcd7819,428.5,512.3,83.8,0.7,843.52
ai_02607e97dfcd4980b8a95366a0b9c0ed,453.6,512.6,59.0,0.0,626.84
ai_3c464b63840448b6a3a80b22720ed02b,436.0,513.0,77.0,0.3,862.76
ai_2e223d6de5ca4f10884b39efcb990475,429.0,514.0,85.0,0.1,853.5
ai_8fa67d02d82a4122b422c74846502ba8,458.3,516.7,58.4,0.3,631.99
ai_e3bf43a9a60044e393db0cba292e3442,419.5,520.5,101.0,7.0,868.6
ai_e9d31ec6d190450ebfe426535a975300,432.8,523.0,90.2,1.6,841.42
ai_073334ab34574329bc7ba3fc891b099b,473.6,523.7,50.1,0.4,413.13
ai_ebda9e682af244468f09bca34e76d5b4,449.3,526.8,77.5,0.8,857.36
ai_60f3f9f1f0c34ed791234f1c7c44d01c,480.6,528.9,48.3,0.4,631.99
ai_df1ef4175ea74ed5b47410b6c23bea09,457.7,529.1,71.4,0.2,860.2
ai_623fa2a991f3491a9e290e48f2032149,443.8,531.6,87.8,4.7,830.68
ai_b5f84a84b614473bbb0c990640d0f0af,446.6,532.7,86.1,4.2,870.2
ai_e5ed9cfba6cb458f98f031b67ba5b8cd,419.9,534.9,115.0,11.2,867.67
ai_474cae190633403b8784a14cca4867ea,416.3,536.1,119.8,21.1,856.36
ai_3d0fa9ac74fb48699367797c9763ffac,446.5,537.1,90.6,13.6,638.21
ai_cd20a2e50c984c7099feeedce43af60b,499.1,538.2,39.1,0.0,420.9
ai_8f973b1606eb4a47b6de2f0a968314dc,483.3,540.2,56.9,0.9,639.84
ai_f900ff04c1154e219d127f3551a5216b,446.1,543.4,97.3,3.6,859.73
ai_2b9f5f2b55784a1e898f04b8e55e23e6,461.0,544.1,83.1,0.0,847.83
ai_094d1b019d21418183e4ea4228ebe72a,456.2,544.7,88.5,7.3,870.2
ai_ae0d322442d44624986881ac38c9e23a,454.3,545.0,90.7,1.6,860.2
ai_03506089ca5a4525b8bbc932e4184851,497.0,549.6,52.6,0.3,614.0
ai_3a6e2399417041d4a21d89bf612194c2,475.9,550.0,74.1,0.2,859.73
ai_4fa7e5f65afb4f49ab38a302d0428248,484.3,555.8,71.5,0.3,843.99
ai_212fa7b0f94743fbb660e895ef3f7447,454.9,556.2,101.3,0.5,866.04
ai_364fdc71e8af4d0f9107c21749622529,486.4,556.8,70.4,18.3,646.77
ai_11d328536055476fbdc756d80aeafe5a,452.5,557.0,104.5,11.1,843.52
ai_2296c56e30234540ab12d7de359fb5fb,474.3,557.5,83.2,15.6,642.96
ai_1e4f157380f14d9dbb7afda119ce2e8e,500.3,559.1,58.8,0.4,645.06
ai_54b4088cc7204fe189419d0a2688df28,465.0,560.7,95.7,7.5,846.89
ai_8d818c5f3bc9498290c53e751b3e24bb,516.6,561.0,44.4,4.1,415.23
ai_ab319e0923a54ba1a8a9225ae37f0861,509.2,561.2,52.0,2.5,646.77
ai_960361cf103341199e40f172eccb856a,478.5,563.3,84.8,3.7,859.73
ai_714b827c63f0414282254f2b883c754c,481.9,564.8,82.9,2.3,860.2
ai_95b3760c4c6647878b1fff6631096cb5,486.2,569.2,83.0,2.2,624.9
ai_dbdd0853c11e4d2eb7bc8698de8ae8bc,488.5,569.7,81.2,0.1,846.89
ai_4927e20d13924eb8a756f7ea3b86880b,512.2,570.1,57.9,1.7,631.99
ai_2c311af324bc4c7c9d745599cdc88061,490.7,571.1,80.4,0.1,859.73
emergency_70da8ab6584c4581bd0424774be9b6fb,536.6,572.4,35.8,0.0,413.73
ai_922d320ba3d141b8b515d50adde7a4a3,495.1,575.0,79.9,2.3,843.52
ai_46cf4764dfff40358e91c9d2db4b8d42,506.6,575.9,69.3,0.0,857.97
ai_caac6e50f73a416dad1bd73f04b133b0,502.4,576.0,73.6,0.0,846.79
ai_5364fabcc43049448b2de469f88ff952,518.4,576.2,57.8,1.3,647.59
ai_c8a2148607a64a168300e6ed2fcbbdce,501.8,578.6,76.8,8.1,873.47
ai_2d436fc7bdfd4302a28ebb83a61545f1,506.6,580.2,73.6,0.1,854.83
ai_d62af07384ad4f0fa1cc3efe7548571f,498.1,584.2,86.1,0.2,841.89
ai_7ce608f8858e4b23894db673705a8863,546.3,584.5,38.2,0.4,415.23
ai_31d27ba9008f46e4b93f45ef909e0927,551.7,588.3,36.6,0.0,415.23
ai_26d35fdd6b45434f97cf788ae8ffd1fc,530.6,589.0,58.4,0.0,620.31
ai_1f273491df544adab6c0b2d05f2bb4ab,497.8,592.8,95.0,17.6,632.84
ai_9d776956cf454d529bce7423a741fca6,521.0,593.3,72.3,2.8,867.67
ai_6b7aaf7a6d54430f8bf38a66b56e751a,563.0,596.0,33.0,0.2,405.25
ai_3936691a3b884b649fa61ee80a06d6cd,530.9,597.5,66.6,0.8,638.06
ai_b017513648af434181b570bec6e97855,562.8,599.2,36.4,0.0,402.39
ai_fc84f709ff2346cb90f6597db1832119,541.0,600.7,59.7,0.7,643.97
ai_f26c83805368412a8bbdee73cc4cbfce,508.4,601.1,92.7,4.3,870.2
ai_566e5d7b24834e9b9dc606533fc16ec1,566.1,604.5,38.4,0.2,408.05
ai_0f22b7e14c5643d59cefadbe8ff6d9d4,534.1,605.5,71.4,0.6,862.53
ai_1186d23288a04407b6d93bf4729c3d74,528.4,608.9,80.5,0.2,843.99
ai_341bfbfc54694449a828f8eac97f8211,512.2,610.2,98.0,1.8,852.73
ai_cb0b56df04a3446b840dedeb18b2df39,550.9,612.3,61.4,3.7,634.79
ai_c1c4942002154b009b3278e65c196c22,524.0,612.5,88.5,0.4,860.66
ai_9cc2e1a86b994a5e9fc158c6ad7b6060,540.2,614.5,74.3,1.5,645.06
ai_0446269601f84b76bb359c658904d15e,537.0,614.9,77.9,0.5,870.67
ai_a75a8797359d4264990c071ba53850cb,566.6,614.9,48.3,0.1,413.13
ai_ba846b9a5b864688a04bf8780bba1489,562.1,617.0,54.9,0.8,646.77
ai_4c65c9c0b43a4db590ce915b40915cba,550.4,619.2,68.8,0.3,843.99
ai_63cb6e015ac84bf3b0aef657c6f074b9,551.4,624.0,72.6,0.4,860.5
ai_c74815b7e9d34f4b986578f9eab7994b,544.2,624.1,79.9,1.7,862.76
ai_0cbf288ca479488899621043281e396c,539.3,627.5,88.2,2.7,868.14
ai_a0b571c68c714e28994bb74585ecef8f,550.1,627.9,77.8,0.3,860.2
ai_1b421a5be7c34161b7b89e6cca283f1b,558.9,631.2,72.3,0.2,849.69
ai_3cdb32c48fa24e5bb590f16459ed1158,586.0,631.7,45.7,0.1,415.23
ai_d2d579632d61432f81b8795ed1cc7eec,546.9,633.4,86.5,0.2,863.0
ai_1e3c7b20c82847f58e6717c19cd63ef7,599.1,636.3,37.2,0.5,415.23
ai_50c6f529957d4dcda17024270ebbe464,548.4,637.1,88.7,0.3,863.0
ai_d17deee4afec42d6ae8e2ae9f9a0cd6c,578.4,637.6,59.2,0.0,857.97
ai_9c188027bf124df588157cfd4d83fa5e,565.0,638.2,73.2,0.2,856.36
ai_a99cffea2bd54673a618add97d8082f0,599.1,638.9,39.8,0.0,415.23
ai_ea6ff61591df4391b9c1ab37b8e85a17,581.7,640.4,58.7,0.3,624.05
ai_641ad5b56d8a499a9975d21808a6f469,563.6,643.3,79.7,2.2,843.52
ai_38a6d37bccd3496d9f258f5d4f00008d,564.9,644.3,79.4,0.0,870.7
ai_f1b12fecbe784b8da821a29e4d3e5840,593.9,647.4,53.5,1.1,413.13
ai_f8e1e82ef8f3488c8e8afb288960c1d3,590.2,648.0,57.8,0.3,624.05
ai_a22234d7f42f4b319ed7521421ceee51,567.8,650.3,82.5,4.2,860.5
ai_3e2e0fcc1f9c4cd3bca9a2e50ec8fb1c,582.5,653.5,71.0,0.0,854.83
ai_0bfc6c47fdbf4703b20b09e3bb706b33,576.6,654.4,77.8,0.0,862.76
ai_06b3346bf83a488eb93062c3f6b4a44d,580.8,663.5,82.7,2.1,860.5
ai_0b63a4b8867a4afa9aadede81a0b8a81,584.8,670.3,85.5,0.3,841.89
ai_ee6334d149104ba09e586eb1cf4cdc60,621.2,672.1,50.9,1.6,629.8
ai_9335ed8726b74818a43989d24cc7aeba,585.6,672.8,87.2,3.7,860.5
ai_1b8bd6d86efd49e1bb28bffc7c481eff,615.8,673.2,57.4,0.5,614.0
ai_22ae8e08f380463caf3857f15389ec25,589.7,675.2,85.5,0.0,860.66
ai_622f642b18a24a06830c01fe2a3cc8cb,596.1,676.3,80.2,0.3,867.67
ai_322504b7f48f4f95aa4608baa7b5c67d,587.7,677.2,89.5,3.2,873.47
ai_107dc4ea380f4d85bc99a1fc1893c4fb,589.6,678.9,89.3,0.2,852.73
ai_2577dcca296047e29eeb2152cead59b1,611.2,684.4,73.2,0.2,857.97
ai_a54ff130d4104bddad7db7f014a8086c,610.4,684.8,74.4,0.0,854.83
ai_c11a828d4a8c44ca9ebba4c1ed980681,634.0,685.6,51.6,0.0,614.0
ai_5f5a9633c0334eac9aaa43e0cb038bc5,627.5,686.5,59.0,8.6,413.13
ai_5784d4fe943d4926a1b3450bf6d79603,601.3,688.2,86.9,3.0,859.73
ai_c8c286e0a4324b1fbf8d2e3600667739,588.9,689.6,100.7,3.0,852.73
ai_8050ac806d6d44d7a1430d3cdc1f76f1,608.0,689.6,81.6,0.1,862.76
ai_9ca8ce99d6db48f39a23db59fef477cd,589.0,691.6,102.6,0.1,866.04
ai_11698532cc3646c6a0ec441e996b3bde,607.2,692.0,84.8,0.7,846.89
ai_62e83cdd9f6d4dc0bfbd1db63fb3064e,651.8,692.0,40.2,0.3,402.39
ai_005dea202de346859e50c9443335bd22,618.2,693.3,75.1,0.0,868.14
ai_a7c132589c3e42178196548812813622,613.1,693.5,80.4,0.2,846.89
ai_1638ed8858e8491cb2b1499c08a2144a,631.8,693.7,61.9,2.8,643.97
ai_4279067de4c8477792852b64e6b7c5b8,598.9,694.9,96.0,0.5,854.73
ai_a182ab94cf984494ab10f40e5813849e,624.1,695.3,71.2,0.0,863.0
ai_3756b841419446d88c210dfed9ac8ba6,610.1,701.4,91.3,0.2,854.73
ai_df891ca7409a4b2884bd79ab33de9577,639.7,701.7,62.0,0.1,870.94
ai_b769e3fa76af4ccbb19c643e95d934c3,632.4,704.8,72.4,11.8,413.13
ai_490d1ee6df90497fb2ee3881a96da7f3,666.2,705.5,39.3,0.3,402.39
ai_dc0601a8e50f4e7d8950a9279569fbfc,635.9,705.9,70.0,0.2,857.36
ai_e2abbe43db414d00a9bae243a9a9f553,637.6,706.4,68.8,0.2,863.0
ai_ed937f28c0864fc5b5a3170bdf3c0306,670.8,707.2,36.4,0.0,402.39
ai_8d7732d4424246a28b9fc49d48b7c881,637.9,707.4,69.5,3.3,873.5
ai_be57ede7ee0d43098dc7b4d34609af4f,638.1,708.4,70.3,0.0,846.89
ai_6ad4c78e703f4131a1c0afda63a775ed,639.6,709.7,70.1,0.0,830.68
ai_5b475ed8d22d4164b872ad0faae6239d,643.7,712.2,68.5,0.3,843.52
ai_3cf48af4a8d94a9885665042a1da7c47,657.4,712.4,55.0,0.7,626.85
ai_d5a9235a87724165927b5355043a00e9,665.1,712.4,47.3,1.5,408.05
ai_a13fe4d014fc4e768b3aa7db21de6c03,630.8,716.3,85.5,7.0,856.83
ai_99cdc91c93e8417b8fd0b2707c8e5a0e,654.6,717.0,62.4,0.1,614.0
ai_6a1168b5680d49acb0f0692b874bb201,642.6,719.5,76.9,0.1,870.2
ai_7faa3419c6c049ea961925ab0d02d8bd,649.8,719.5,69.7,0.2,854.83
ai_1ac0cb10e8204dee96063f2dbd1a0894,677.9,723.4,45.5,2.9,415.23
ai_911e41cf31de4e758609cbd5d129982a,634.5,724.3,89.8,0.4,853.2
ai_794071c7e2994e74a49670761017fb97,638.4,724.4,86.0,0.4,847.83
ai_ef5b833cc6ed4f628bfe943de47008f8,680.9,725.8,44.9,0.4,642.64
ai_607a93f32461408da65d444d544fa63c,649.7,726.3,76.6,6.4,830.68
ai_d2f53a4b28b24c8da4da08aee9476761,635.3,727.7,92.4,9.5,870.7
ai_509517427f0d46aa8e068c3fe3cdeea0,683.2,728.9,45.7,2.7,418.1
ai_43f764054a0142c6beae201c6c8eac66,682.9,737.3,54.4,1.2,643.97
ai_a6852d9dc4294dd0bdd97f81d27e8ee4,653.8,738.1,84.3,0.9,870.7
ai_d6261e605de04184b3ecad53e124911b,653.9,741.4,87.5,0.1,852.73
ai_6307737a673c4cd792bb262d9e060ba0,708.9,742.3,33.4,0.0,402.39
ai_4995b112533f4f61b86df80548dbfdbf,680.6,743.5,62.9,1.2,614.0
ai_a0a603aa5d46404487bd1349fd7bcbc6,662.3,744.5,82.2,1.5,868.14
ai_89924c89460a4195849e06a56079982c,667.1,745.4,78.3,0.3,868.14
ai_5a0d419f857e4310b488260d4786fea9,692.3,750.9,58.6,1.1,643.97
ai_bad736afae5d4938b8bab45aa8523891,655.3,753.9,98.6,5.1,860.67
ai_34b676eab90c4a92b075eb7fa7d7d5a1,694.0,755.2,61.2,10.6,413.13
ai_b2093ebbd29d446484b69ff1066f78a0,711.5,755.2,43.7,0.8,418.1
ai_cbea6a570e184ffabef03f9a0d484321,663.7,755.6,91.9,14.3,870.7
ai_c703fa73f3834a09980e78e0b18cabfa,659.8,757.5,97.7,4.4,858.4
ai_160b10ef17a5464f9c2289b90e557870,680.1,757.7,77.6,1.2,870.67
ai_2eaac29535a74297997187b5be9c91de,673.6,763.8,90.2,0.4,844.79
ai_add81c977279413f8b0443dc50ef0528,680.2,765.7,85.5,0.0,860.2
ai_fdcea6819c55429c962121e3994cb838,678.3,768.2,89.9,3.1,862.76
ai_130b44a5dee54044be0e8df008980f6f,727.8,770.1,42.3,3.7,402.39
ai_5e6043dcea384c5fa6a7ad2067fc29c6,726.4,772.3,45.9,0.0,413.13
ai_4e5e2f0aa20e4245bb19142e449a5b42,702.7,773.9,71.2,0.1,607.0
ai_b7511ed0815546699bdb091a1a9737a2,714.3,774.7,60.4,0.1,624.05
ai_a0e6c2bd18954443b70a6e787659f64e,681.3,775.6,94.3,0.8,860.67
ai_6b3d5d3928eb458c97f15e1e0e405ccc,733.9,776.2,42.3,0.4,402.39
ai_47692807dce6445b9d357bc2738ba63a,705.7,778.9,73.2,0.0,862.76
ai_9b366eb174af4136a3c33143338474f0,683.2,785.8,102.6,4.1,854.26
ai_03c96647957e494faee76676431fd494,723.1,787.2,64.1,0.0,625.21
ai_a8bc964a5c5e4e538d09c22713fc7594,718.1,787.6,69.5,0.1,830.68
ai_4515f6a62a7c4385b5e31c8c27c30e31,697.1,791.4,94.3,0.9,847.83
ai_3dd950d970254501b3153193933ae53a,709.0,792.2,83.2,0.0,870.7
ai_abb0c171072447188c6dbc3b54254d04,724.7,800.0,75.3,4.4,621.95
ai_7d81ed629dc449ee937a2383f4c5bc6a,730.7,802.7,72.0,0.7,633.31
ai_c5429b126d41420d909cfc3d1cd0b836,726.4,804.0,77.6,2.9,870.7
ai_9887fe8107994c1f9d8d286c84c10714,721.7,804.8,83.1,0.8,867.67
ai_9df34f48399f4a3ca59cb11a8f7fbe12,721.2,805.4,84.2,0.5,843.99
ai_664eb03bbbbd4d42b00c326defad91bb,732.5,813.9,81.4,0.2,861.14
ai_dd19539819114d4199e28cc866174d71,765.3,814.5,49.2,0.0,624.05
ai_cb719358cc03496a80249cee5288e89f,688.2,821.4,133.2,28.4,854.26
ai_5b243a7b79f04c108ba604c61d2a6b69,788.4,822.8,34.4,0.0,402.39
ai_84f7ad27d0d04b4bb2e0d8da871c05eb,759.8,824.2,64.4,0.0,868.14
ai_a6642b27c330472eb1015085affc2d61,740.2,830.2,90.0,0.1,865.57
ai_b92fb55413294e9fba441409d8d034f8,730.2,832.7,102.5,2.8,868.1
ai_1e698a407925468ca917515b38a6780f,796.5,833.3,36.8,0.1,402.39
ai_debb2f524a534a1790673acf5a277177,707.3,834.6,127.3,15.7,849.36
ai_c84ce0f3fe094d5886480a0c870e4ba7,738.3,835.1,96.8,14.7,859.16
ai_d70bad4dd4a24b91b0bfee6e6a61674b,739.9,836.1,96.2,0.8,861.14
ai_f3671e222f6d458bb6b72ef616a70e67,764.3,836.1,71.8,0.6,843.52
ai_ab90d7e9045447b8aeadc9d6bb92e10a,746.3,840.8,94.5,0.4,852.73
ai_d28f9e60f83b4970ba0add2437bc260d,757.7,841.1,83.4,0.1,861.14
ai_707338dab4744cbcabe6b492d6a7a768,744.1,842.3,98.2,8.8,855.26
ai_b1ad4b08ca224a60ab03f7bd2e15a879,750.3,843.9,93.6,0.1,859.73
ai_cc8f9c3dba0c4f6293e555790eff75e8,785.6,844.5,58.9,1.2,643.97
ai_ea85581e6011440188d08db5bd3eb1cf,760.7,847.2,86.5,8.7,870.2
ai_5d1b19c6d25a4ceeb07391c8c6a0e98a,765.8,848.4,82.6,0.9,854.83
ai_398d255b565b44588fd566e4f79fe4e8,787.8,849.9,62.1,6.5,631.99
ai_689c81ec955f4adb8c1f9791eb2dcc2d,777.5,850.2,72.7,0.1,868.14
ai_0350095a3b2f472b8c91b4ba106c99d2,780.3,850.8,70.5,0.9,857.97
ai_1e1f47e6ba534db9a5f77f2eb29fd2f0,770.3,852.0,81.7,0.1,836.99
ai_e2fbfb232be1487aa72980ab1ffae2c9,788.3,852.3,64.0,8.6,645.06
ai_4eb3a62a3ebc4016942df16c84a234f4,759.2,852.7,93.5,8.5,843.52
ai_2ab17fa28d514929bc9558a30229ad89,795.3,853.8,58.5,0.8,647.86
ai_5daadf07a1ba43e6a33fa741d0bfaab6,780.1,856.2,76.1,2.7,843.52
ai_e04273d7fee342558b6fba051ab86588,792.2,856.8,64.6,0.0,631.99
ai_9b617f0a5ae24d1ca836641deb6173a1,775.2,859.7,84.5,0.1,862.76
ai_fe22e90d28f64001b2cd3e97af20aec4,770.1,861.6,91.5,0.3,866.04
ai_fc4b27d4f3b547958fb54a9037cbd6a1,775.9,865.5,89.6,1.4,857.36
ai_cfbad8269f7246c793174ce8f0ebe350,782.5,868.6,86.1,2.6,846.89
ai_849caf77e42c48b185680295c2ad1e7a,771.5,870.7,99.2,8.1,843.52
ai_174d2d211aa64285982a575d426b6a61,778.0,870.7,92.7,2.0,863.3
ai_ac5b443c105c451db55100682e9f208e,816.3,870.9,54.6,0.4,627.31
ai_744ebf6b942f486b9c3d637553ab68af,818.3,871.7,53.4,14.1,415.23
emergency_c5616f11cbbe484e83a01ac8ecd31c04,774.9,873.3,98.4,3.1,855.33
emergency_e7198be63186454e9941b3cadf693241,780.0,875.5,95.5,6.3,842.02
ai_13c4ca48ae444bea96e6ce18b030f076,798.1,877.3,79.2,9.7,843.52
ai_55e7b1a8c2b8466a82b1c7add96d9a70,808.2,879.2,71.0,0.6,860.5
ai_a517dfb15f3742f4b9b3ac2abcd4b9ac,789.3,880.1,90.8,0.9,836.99
ai_3338b906aeab48bcbe035cee5d40febe,803.6,880.8,77.2,2.0,830.68
ai_88c7ee0316024a83a847add817077b46,791.0,881.0,90.0,0.0,856.36
ai_0493a66664ca4c21bda4843e883e88cf,797.1,882.1,85.0,16.1,617.05
ai_328356993dd4468d94894a1125c2989d,806.2,882.7,76.5,0.0,843.99
ai_0316c57b0f774049ad53089964e842b4,806.8,885.5,78.7,0.6,860.2
ai_fce08e50d19b4b89819bb3dd072a3fa9,814.0,888.8,74.8,1.7,870.67
ai_b0b2b9d8dd2e4c2c9dbf48056b30a306,807.5,890.4,82.9,6.8,620.0
ai_6946215175a346b69d3af2d6a91be219,827.3,892.8,65.5,1.4,631.99
ai_ddd35bc8ef6d45868d8b8eda0be8c7bb,836.3,892.9,56.6,0.0,627.0
ai_1ad926a56b684b59b400cb26f178baae,829.8,893.2,63.4,0.0,843.99
ai_819d0147ab904058835a98d467dff96c,793.8,896.9,103.1,0.7,860.66
ai_f503451c21694dfa9e2e2efae0f4de60,786.7,897.0,110.3,10.8,870.2
ai_66467f33172b4b3888d487bf33a8314c,800.9,898.5,97.6,3.2,862.76
ai_bffe0bcb2658424abb230a861d862ee6,842.3,899.1,56.8,0.3,627.0
ai_04c012b452974115b246e18a4b1aaaa1,825.5,900.0,74.5,0.6,843.52
ai_a8f39267d4814492940a399531b6487a,844.7,900.0,55.3,0.1,643.97
ai_c3a977fa01e64afdb78224e9b082a626,785.2,902.2,117.0,19.7,843.52
ai_1260a1cda60a4da2b8ab53cf864c2b8a,801.4,905.4,104.0,14.5,621.95
ai_e71273f95f5f48a68e33635985b042e5,787.9,908.9,121.0,14.9,846.89
ai_97ceca434beb48eabda309e3be7269eb,835.0,910.3,75.3,0.1,860.2
ai_7023469f65b541e29682001f4fcb0e1e,838.0,913.0,75.0,0.4,856.83
ai_93a3cb9fc7bd4623bb33093d1443bda7,862.4,915.3,52.9,0.1,614.0
ai_5d11a1551dba4875afa8ea568a3486a4,847.5,915.8,68.3,0.6,830.68
ai_3affc3b215dc4fbfa49be099dffaadb7,842.0,921.3,79.3,0.0,862.76
ai_6fca75c7c18d4b33abec7fb4778f5d82,844.8,921.6,76.8,0.2,867.67
ai_532d9763a45d45b58b29e99febed5454,853.0,922.0,69.0,0.0,868.14
ai_3f9dbb1dda4a46db8d8709c02ad5792c,847.3,922.8,75.5,0.1,860.2
ai_8acd22edbb914048b4f2fa14e810ba07,847.5,923.3,75.8,0.3,857.97
ai_1c13f1fb197649a1860c8d93b150d3bd,843.3,929.7,86.4,0.1,861.14
ai_87a6709e8038479f8fdf57df8e212ad9,844.4,931.5,87.1,0.7,860.5
ai_21678a498c61435cbd619aa5b1ad3bdb,852.4,933.9,81.5,0.4,645.49
ai_40e360b87b8e415b8fcdf455408a6ba5,855.7,934.4,78.7,0.5,860.2
ai_a475198f73f4460e8af214ca42712c5e,860.5,936.0,75.5,0.4,859.73
ai_a40d3d39e124436f8b8f15f74d1179f1,871.7,936.0,64.3,0.1,645.06
ai_003214ac61f94050a8011fe346bc9ef0,864.4,936.2,71.8,0.1,854.83
ai_850045e521284a12ac26697c12f592be,876.8,936.5,59.7,2.3,857.63
ai_86174da70fab420f83d0fe7fd671a8ea,840.4,946.4,106.0,12.3,863.2
ai_32240ef4e252490fa38a3924d52db6e0,882.8,948.4,65.6,0.2,860.77
ai_55a7284a63ec4de898988e3cd07e0895,901.8,948.5,46.7,0.0,614.0
ai_957e27e25a1e4387aee66fe1fc416168,861.2,948.9,87.7,4.0,843.52
ai_c3893a106f984367b5bd53e0c504cfa8,869.0,949.4,80.4,15.2,846.32
ai_56a843e2f2234cd684bd26881e6bc412,869.5,951.1,81.6,16.3,870.47
ai_52189e632554483d982dad11f7372be7,847.4,953.0,105.6,0.5,855.26
ai_7d8616fd86754aea8f03dff942ee6692,883.5,953.5,70.0,2.8,626.85
ai_2835badad42d4b91a59fbd420c096a50,864.4,956.0,91.6,13.6,629.89
ai_105c807674874e2dbacb99a95b793a0a,867.4,957.8,90.4,0.1,852.73
ai_451b36bfea804881b3130997743b202d,867.0,960.1,93.1,15.9,636.97
ai_1101936ffe43492e8ad872e8c2349313,907.5,961.7,54.2,2.8,631.99
ai_cd1bbdce782e4b7e81aa4e5f08f83168,881.9,964.2,82.3,0.7,854.83
ai_765984d0fd7e4a92af85184ab4c902bc,886.7,965.2,78.5,10.3,643.97
ai_26d67f9fe92447089925a0eff7ee988e,863.8,966.7,102.9,9.6,860.5
ai_3e7a8a106f1c47cc949d017a3f3a55c4,859.3,969.0,109.7,8.9,850.36
ai_015680b034aa40a0b67191dad8c23df9,888.6,972.2,83.6,3.3,856.83
ai_9955efd1136941dca2cc0ddef9c48217,891.3,974.8,83.5,5.7,868.14
ai_27889d924bab40adbd91f9951abbf7cf,897.3,976.9,79.6,5.8,638.06
ai_527f22bb6cbe4b278226e1b210b05b16,900.3,977.0,76.7,0.6,830.68
ai_334999ca98ff4fc09da0200de86d9bdc,893.4,980.1,86.7,3.6,870.2
ai_36db65c518c643a0af96f743685b317f,890.0,983.0,93.0,4.7,867.67
ai_ee38e9f014404dea8580ce2a77be80cf,934.2,984.9,50.7,5.4,415.23
ai_05a01f305098434ebe4e6cdaa4d146c5,903.3,985.4,82.1,13.0,641.87
ai_cdc74a07a48c4ca6a3f4342b8658bd47,882.1,986.0,103.9,8.8,852.73
ai_783ed2bee2d8417f8cbea953f9831702,926.1,987.1,61.0,0.4,626.84
ai_e3bc37fdb0454566a3022e1019da5dcd,901.7,987.9,86.2,0.9,860.2
ai_8a103f5a00f94b74811f2cb8aa9790ec,896.5,988.1,91.6,7.6,843.52
ai_d066eff10eb2479c8e7ea037a1aa968b,900.5,998.2,97.7,1.4,863.67
ai_fb0bbd3ccfe74547ae74eb80a516cf8d,964.0,1001.8,37.8,0.3,418.1
ai_c8c9f34f8c3243febf8653125ed8002b,921.3,1003.3,82.0,12.4,617.05
ai_a645bbe17ef043a1879f334ad2ae6d56,929.8,1003.8,74.0,12.2,643.97
ai_84d141d840b24bbc91865a647fe0cea4,911.2,1006.3,95.1,14.2,830.68
ai_6acd854a9c264fb3a27e7875a80a0f2f,937.6,1009.5,71.9,0.4,854.83
ai_644bfbc446b44d87bb0b138805d2630c,904.4,1009.7,105.3,11.1,870.2
ai_32b8c94764964a2d9010bd7078185ed3,923.5,1013.1,89.6,2.5,859.73
ai_6bb49b348d37408f84c2b7549d5ce175,952.4,1014.6,62.2,0.0,631.99
ai_22de8f70e1894f58a300f832591ecace,937.1,1018.6,81.5,0.0,860.2
ai_c138fd945a1d46aeb7d2782cc6e8c587,956.5,1019.1,62.6,5.0,614.0
ai_4557d6c0863046be8b19ecee1f4e99e0,945.9,1019.9,74.0,0.0,637.74
ai_958e1fae24f74492841f2afed079723c,929.8,1020.3,90.5,1.5,860.67
ai_bef3de11d4c24cda93b9346b6bed59fa,878.9,1021.7,142.8,31.8,868.6
ai_6c7a7f044b80433aac62f3ce59c2a650,888.0,1022.6,134.6,28.1,870.7
ai_8e7f96ab59284f4bb66d0d4cbff750c7,991.5,1027.4,35.9,0.0,415.23
ai_9603593e251445728b5d52580c62d6e6,941.7,1029.6,87.9,0.2,868.14
ai_e9db6437feea43728c573b266b9a35af,957.3,1032.4,75.1,0.5,624.74
ai_b08a02e484934281bcdb71055e0bbba4,907.4,1033.6,126.2,18.4,868.1
ai_78ae494641354da4a182bb88b0a153bd,953.7,1034.2,80.5,3.4,854.83
ai_3f31a2f81df14aedb88fa22a4d282431,984.7,1035.8,51.1,0.0,631.99
ai_9f1dc8bae6994329a7b98ce02537e118,941.5,1036.1,94.6,3.0,841.42
ai_940cb3d8125c4285bc02f219493f105b,960.8,1039.4,78.6,0.0,856.83
ai_1e15365517624af79dc866f08023eb75,944.9,1043.5,98.6,1.5,853.2
ai_0bd7338cd6e54e67b4d2d6eec498bbaf,965.2,1044.3,79.1,0.1,857.63
ai_a0e102320254499680106a6818d98982,955.7,1046.9,91.2,0.2,868.6
ai_70a40f1f71c54d1188b3c2031cfac712,977.4,1047.2,69.8,0.4,870.7
ai_fd2aae0c34f848dd9c51ed51792bfde5,952.1,1048.7,96.6,0.0,858.1
ai_7a22cfe2182f4c619f655d2ca811b639,994.4,1050.8,56.4,0.0,624.05
ai_5234e2a4ee9142bfa4f04e06fd284b9e,998.2,1055.6,57.4,0.4,627.31
ai_237d16ea367f4658840986ed6857a047,1020.9,1058.2,37.3,0.6,415.23
ai_4aa660e3eff1462790a9eaf6e945cbda,994.8,1069.0,74.2,0.6,846.89
ai_49d112f7b7654e63ab1109d8dac99648,956.5,1071.1,114.6,49.1,405.25
ai_efe3b8c317da4671a968167e347acc19,981.6,1079.7,98.1,7.1,865.57
ai_84c953aa216745fe8791cd023f07051f,1038.5,1082.6,44.1,0.0,643.97
ai_ff3a8d10533143e194b42a4c5ec8d3a4,1001.7,1087.2,85.5,9.8,856.36
ai_a2c5e2265fef4172ab313e1ab9fa0644,998.7,1090.6,91.9,0.8,868.14
ai_e79960cc538a4a3194a84f1aeae771cd,922.1,1091.2,169.1,64.6,860.16
ai_cb2286ac561149f0b67d65d2d3d9f804,912.3,1091.5,179.2,48.4,868.57
ai_7ecaf49e68b94a08aaf945e6903cd71e,918.5,1092.6,174.1,70.2,640.59
ai_44d96d9151cc498c9be46dd31ad8acce,1026.7,1093.2,66.5,0.7,617.05
ai_fceeb61e6f274eae88062d77280cd670,1020.1,1095.5,75.4,0.2,854.83
ai_e140acb3a67b4deaace78308c5effd34,997.1,1095.6,98.5,26.8,846.32
ai_991781b80384472eb80a3745e0eb7a20,994.5,1096.8,102.3,0.3,866.04
ai_d7ab5948ec1946f1bfd1ab4ab372e288,1034.4,1097.8,63.4,0.6,870.94
ai_bbcf195cece8435b97dfc3e4f30bf5b1,999.2,1100.6,101.4,2.8,844.79
ai_d69da9c4a90e40f3bd954681585b14ab,1028.8,1101.4,72.6,0.8,611.9
ai_2d88f4450c84417598e52c9252dcb6ef,1014.4,1102.5,88.1,0.8,859.73
ai_fcd1571ccb2d47c19580b26b58d1fed0,1017.1,1103.9,86.8,2.1,856.36
ai_0b2f0cad42294b19bb3b357af7aca1ac,1045.9,1104.4,58.5,0.9,624.05
ai_34e3935773544d35904907b2a7cee2da,1011.7,1107.1,95.4,3.6,867.67
ai_5051779b682543b1ba5cde285126f43a,1054.4,1109.0,54.6,6.6,408.23
ai_366510514c12402ab0cd2131bd4e2056,1082.1,1116.0,33.9,0.0,418.1
ai_7d29e6f1067d4408b5eac7dc36b93379,1039.1,1122.3,83.2,0.1,847.83
ai_bec31728198c4540916bfeefc7a896b3,1066.9,1124.0,57.1,1.5,627.0
ai_80fbe3e7e2ca4967a2e28e9174697550,988.5,1127.7,139.2,20.3,870.67
ai_1d817dc6e81241ef9ab5bf7311614868,1060.6,1129.5,68.9,2.2,617.05
ai_ff36804a3ac242058942cbd2a82bc05f,1090.7,1131.4,40.7,6.1,418.03
ai_9e91db42e2114a9c8ae6c872fcc24cb4,1045.1,1137.1,92.0,0.2,866.04
ai_309b2d451f464af896fcba706b99e5ba,1100.0,1137.6,37.6,0.1,415.23
ai_75ede287d689445b8b3e461318dc1798,1003.6,1138.6,135.0,18.9,870.2
ai_22204f3f95c5421cb4f22f02a46c7d94,984.5,1139.3,154.8,22.5,850.36
ai_593eef07ee6045b699cfc14e83f72a6b,1044.3,1141.8,97.5,3.2,847.83
ai_4d8a37e42fe74943a8c3e0dcad44aaf9,1079.7,1142.6,62.9,0.3,645.06
ai_cfb9987e0ad74d619fc3837d7e33d028,1060.9,1143.0,82.1,0.1,854.83
ai_0ed6a89041194f18960cbe7f9a32a2c7,1044.5,1144.1,99.6,8.4,860.67
ai_8f1a03b551894abd8240a20389e585b2,1084.0,1144.1,60.1,1.7,643.97
ai_a7f8d1f189114f3b9b39fbbd688af015,1075.2,1144.5,69.3,0.1,867.67
ai_ea211f70dff049e898548f8a79958f41,1079.3,1145.8,66.5,0.0,860.2
ai_d21bfc41b6b44800b52ba6cde8366899,1031.3,1147.3,116.0,9.3,647.59
ai_c177d0439bfc485eb9257f7aa069ee2d,1076.6,1151.0,74.4,0.0,868.14
ai_f0c5e55cbb6d48a689b0a24838e7efbd,1078.7,1154.7,76.0,0.8,859.73
ai_0efce857354c4bce9302cfcd2fe5339c,1061.4,1155.7,94.3,6.4,823.68
ai_982dfb8eba5f4c45ae9334a784bbf065,1025.4,1156.9,131.5,12.3,870.67
ai_0c73fdaf50454ee38a3da281a424d723,1034.1,1163.1,129.0,14.3,860.5
ai_6a477b9128294c02ad52338cf6f5087e,1080.1,1167.5,87.4,1.4,836.52
ai_46b872a428aa424aaab3727cc3f35cbd,1100.7,1169.5,68.8,1.4,867.67
ai_df87fd6da4514650ba482abb99801b07,1088.2,1181.1,92.9,0.0,863.0
ai_cbee1c730c2d411e81c2576ab820895b,1126.3,1181.6,55.3,0.9,627.0
ai_c28a524e79554cf7a1048ae14821b378,1131.9,1185.8,53.9,2.8,643.97
ai_15eaa092d8844606ace79bc39064d71e,1116.9,1189.5,72.6,0.8,833.48
ai_6cb51c051b2f4b899c6cdc7165c765b9,1093.1,1190.3,97.2,0.8,847.83
ai_3451fb1fbf57484da21730a65202b4b4,1072.6,1191.8,119.2,23.1,857.36
ai_5cdd09355c6948d284490c9d814b86f0,1100.8,1195.0,94.2,13.0,647.59
ai_894572a4c0c0408d80accd4ea7e3af89,1121.5,1196.1,74.6,0.0,867.67
ai_3699e911225843829ccfc36af49b699d,1140.3,1197.1,56.8,0.3,627.31
ai_ddda9d3152494ad0bd832ddf170b597e,1090.4,1203.0,112.6,19.8,870.2
ai_02b62b867eeb46a9a75ef0052369b2ca,1093.1,1206.8,113.7,12.6,870.67
ai_702822cc8a2e4d4f983d6f0d61a86856,1125.2,1209.7,84.5,0.0,841.42
ai_56b0a205da5f41e58941a45ae72712e9,1126.2,1211.3,85.1,6.5,846.89
ai_43277276eea04e668ebebe5a24ef0b48,1145.4,1216.3,70.9,0.1,857.97
ai_a8b60030c8b7446f9d4fc6af6397e275,1136.2,1216.9,80.7,0.4,843.52
ai_5ed875cd72204e55a90e192628851012,1169.2,1217.7,48.5,0.0,646.77
ai_4ef4511fa9b2407eb60f2ff0a25d3516,1167.8,1217.9,50.1,0.0,646.77
ai_160ec432dfcd47d295a376ba78c9362a,1153.0,1221.7,68.7,0.0,843.52
ai_0502b0237e1e4c909bbf90869ffc9ccb,1161.0,1225.2,64.2,0.0,870.94
ai_009207feaf2f4b51a5e505f964811892,1113.0,1228.7,115.7,19.0,640.59
ai_da0c1c06d91c46949edd6ce9282f3ecf,1155.3,1233.3,78.0,0.0,841.89
ai_ec46995ffab4457a9764244c6d3bf020,1129.1,1240.3,111.2,21.7,857.36
ai_57c71b3c7e2c478b834258485dff00d0,1131.7,1247.4,115.7,21.3,870.2
ai_0c54210c451d4113a849d2d2faad44e1,1182.6,1257.0,74.4,0.1,860.5
ai_ba4e73b94e8c4fd48a1f465e97ba0d45,1162.8,1260.4,97.6,0.7,828.58
ai_61835d1d0b4b4ac49f3e4925e0ed2ffb,1179.3,1264.8,85.5,0.2,860.67
ai_a20a1ef7cc8a47469d9a3b6e3ab2e6cf,1178.3,1266.2,87.9,9.9,830.68
ai_cc1c583681604faab5b9b321fc38b949,1196.1,1271.0,74.9,0.1,830.68
ai_0d3a9c209f1048db8809071416f58465,1236.1,1271.3,35.2,0.1,415.23
ai_c6cd06aa2a6d4b0a960f40e1555fc6f5,1186.3,1279.0,92.7,2.5,863.2
ai_e2a45b39c04a4ac9a61452b90ed070d3,1201.1,1282.7,81.6,0.4,843.52
ai_465092030b4b48bcad9047ee94374a0a,1204.7,1290.5,85.8,3.7,873.47
ai_36a1bd20b6184cb3a4da14eadb786f58,1201.5,1292.3,90.8,0.3,863.67
ai_75b37b4366354468afcc15b436d5e5bc,1207.9,1295.4,87.5,0.4,857.97
ai_15e5740432d74014b7160e901ead338e,1205.3,1298.2,92.9,0.2,868.14
ai_aad2a7899630408eb95ac51421774a8c,1197.6,1299.9,102.3,0.4,852.73
ai_e143698beea444c4b1b2cb105c9110a5,1231.9,1301.4,69.5,1.1,830.68
ai_4825546e13154c28a23423ede1bf9fc7,1247.4,1302.7,55.3,0.1,639.84
ai_f6fe365dfafe441787a6d6e8e6ee0526,1239.6,1308.7,69.1,0.0,843.52
ai_36bef7e1f0b040168fd27fd9f973a1b4,1268.9,1308.9,40.0,0.0,402.39
ai_244fac8cfbac45db88b5610162d75c10,1234.5,1310.4,75.9,0.8,843.52
ai_659fdee5627043169867c860512d9abe,1250.1,1310.6,60.5,0.4,640.31
ai_a679e51e7c3b469d80728b1fdfd46a2d,1252.6,1313.8,61.2,0.0,854.83
ai_c4829bfb3db94d36a3f86b8830c5d016,1252.5,1322.2,69.7,1.0,643.97
ai_b1a3fe1d243e4fd1ace1825fa2ff37ed,1244.9,1324.6,79.7,0.6,843.52
ai_046ca43caa254f558de8abbda48240cc,1240.9,1328.0,87.1,0.0,852.73
ai_487eecdf78a9413c806ab501a07d26b0,1260.2,1331.6,71.4,0.0,860.2
ai_1af935a329f6433bb90b642dd2ac00d6,1249.9,1338.6,88.7,0.1,866.04
ai_d4975a4d4cbb431f9dd69ad67c3b8231,1268.1,1340.1,72.0,4.7,641.87
ai_325273d757f94b17821e2c8cb59deaca,1248.5,1349.0,100.5,6.7,836.99
ai_2dca61eae64743ce9411e22ae532001f,1266.0,1351.6,85.6,4.8,856.36
ai_b5d7b14f521844168b0f638aab1f70da,1279.2,1353.6,74.4,1.9,862.76
ai_28c01c56d4f74a4aa4d11417a3a23da4,1278.4,1354.3,75.9,3.1,843.52
ai_cab4292506154edd8d56ffa039e76b4c,1255.4,1354.9,99.5,0.0,855.26
ai_40a7c05d596c44889e516826f159039b,1282.9,1355.0,72.1,0.0,870.7
ai_ac58bb76e09d459e9e76b4398aa78751,1278.0,1357.8,79.8,0.1,859.73
ai_dc2fb47543af4c2a9bc67519cf88a63e,1280.7,1359.4,78.7,0.0,859.73
ai_9a8ca9645edf4bfc8493418c4a42f530,1289.1,1364.4,75.3,0.2,843.52
ai_fc2736afcfe44567907306ea21e8d8ee,1335.8,1364.9,29.1,0.0,418.1
ai_721204c36cdb459095219cf9991ee688,1315.6,1365.8,50.2,0.0,634.79
ai_34ba0ecfdbde476b8c92a7ea6919101c,1295.1,1369.2,74.1,0.1,854.83
ai_3f93777500ad44f2bc60917d3ffdaf02,1331.8,1370.2,38.4,0.0,418.03
ai_47827f539bb64853b308f3b6f83fe937,1341.2,1381.5,40.3,0.2,415.23
ai_8c4cfa69509741dd9a6da3d308e575dc,1304.8,1384.3,79.5,0.0,863.7
ai_d7654a69192d4dc4a913ad46717afdea,1298.6,1389.4,90.8,0.4,841.89
ai_45e5f0892df1481dba52bfc3933ca5d3,1323.3,1391.0,67.7,0.0,868.14
ai_2c97e410c2fd47f1b88aebbf578176a0,1312.8,1393.7,80.9,4.3,856.36
ai_dedb2f61e0754306879d164555f6ce54,1290.9,1394.1,103.2,5.8,868.57
ai_eaea74b16cef43caa31a220baee660e8,1340.5,1400.8,60.3,2.3,627.0
ai_5f2d2ad8a6a140118c3236b00fa4f147,1336.2,1400.9,64.7,0.0,846.32
ai_310aecbc39634fb7b966f5bc9fee8822,1315.4,1402.0,86.6,1.0,859.73
ai_8a70b3a4a3d1470c8993b121af3088de,1325.9,1405.1,79.2,0.0,868.14
ai_402fc36774aa498bb37132555c2bc3a0,1318.4,1406.9,88.5,4.4,859.73
ai_f492274ed6974e4cb51ed1055d6665fc,1365.0,1414.7,49.7,0.2,631.99
ai_06fb907d103d496b8b29e30fdb0d2e89,1353.9,1414.8,60.9,0.1,627.31
ai_0e8690f7086148eba6a11a5722d536c7,1341.5,1415.8,74.3,0.3,870.67
emergency_8a9fc5652f9e46d4bb7b972791030e6d,1343.4,1417.5,74.1,3.8,842.02
ai_46d3e8f33ae649158e96fde20cbd5a0c,1382.2,1419.3,37.1,0.0,418.1
ai_b76125479d3c416b8672a03080e32022,1342.9,1419.6,76.7,0.1,860.2
ai_0b3b37b221864cd7b25e20eda7dfa87a,1336.9,1421.8,84.9,0.2,852.73
ai_5beaaf46ad364ee89401fa3f6df65087,1348.8,1422.8,74.0,0.0,857.63
ai_f6cb392b6eb446e7853d8abd3726089e,1368.9,1423.0,54.1,0.2,639.84
ai_41ce326e541f4b0f8f85ec7b19feeb19,1376.4,1424.4,48.0,0.1,627.31
ai_08773a35945e448b84a55ed3683cb077,1362.3,1426.6,64.3,0.2,643.97
ai_53909eb9e1bc4bea8fb9076a03ed716f,1348.4,1426.9,78.5,3.0,843.52
ai_11290c26bdef4d04ab7bbd5020225900,1376.0,1431.0,55.0,5.6,629.8
ai_0f7299aedf36409fb92efd95eeca403f,1363.6,1436.3,72.7,2.5,873.47
ai_5739df6293884511b871e9a540e90f61,1338.6,1436.6,98.0,1.7,858.1
ai_557b9d8353ca47e18cda3d97f71fe377,1400.9,1438.7,37.8,0.0,418.1
ai_f2ce974770fd4800beaf804c030b356e,1393.0,1438.8,45.8,0.1,411.1
ai_db54620d4bac4af4884b0f41518b459f,1344.1,1440.4,96.3,8.0,852.73
ai_ed916ce8b0b947719d521af6ed51bf19,1370.3,1442.2,71.9,2.7,863.3
ai_ee754bf73f364a77b541178df35b6306,1391.1,1442.3,51.2,0.0,624.05
ai_495c4b6737ff426dad749472f8d9d85d,1362.2,1442.7,80.5,0.2,867.67
ai_319311b6c05d496bb8cc2fb76267e7c9,1367.9,1444.6,76.7,0.2,857.97
ai_b079baf1d1ad40a48d895ed23ef2b78e,1397.0,1445.6,48.6,0.0,646.77
ai_6d5b2ad959724a9aac69940881d59b59,1353.0,1450.5,97.5,3.1,836.99
ai_d4ffa6bcad9747678a262c26087f0b64,1392.9,1453.2,60.3,2.7,616.8
ai_685cc4eec88a40808adb8e1fa811193f,1382.5,1454.3,71.8,12.2,647.59
ai_6a21a3c9b9494a5ca0842fe372daac8b,1374.1,1456.0,81.9,1.8,830.68
ai_36241096508b4b8bae2173a54d654cad,1375.7,1459.5,83.8,11.6,843.52
ai_76ee4a1bb324420391749fdbc6358bd4,1383.4,1461.3,77.9,0.8,830.68
ai_6b8090d843c944f8a34bddc97bf6cf91,1401.9,1463.3,61.4,1.3,626.84
ai_42be8fe5b951459ebef5229f9547bdc3,1371.1,1468.2,97.1,16.7,843.52
ai_d10506bd12f646e6aae919db537c7fe2,1389.0,1468.7,79.7,13.4,398.25
ai_65fea31f32dd469eaa5ae28cd7dc4be7,1435.6,1470.3,34.7,0.0,415.23
ai_04e16eeb89d640e5888c15035bb0fbea,1420.0,1473.0,53.0,2.2,411.1
ai_c6fd36ee2bd1451bbf9b47ee12d049ba,1379.7,1474.7,95.0,7.0,870.2
ai_1e9291aaebf64b66b0aed4d5e7420100,1408.3,1476.8,68.5,0.0,620.31
ai_91f4e055868a4f6c9bf1ec48989587d9,1385.2,1482.0,96.8,11.4,860.5
ai_79ad9744873443388e21823c5bb60cd6,1448.8,1483.6,34.8,0.0,415.23
ai_3b4c6df5e356424b9c05b59b310fb51b,1402.2,1491.6,89.4,0.3,854.73
ai_75ef154856b64afa9bab26122b38a661,1397.2,1495.0,97.8,0.2,858.1
ai_df0d8aa791ce4c43a0f11efdec3bef9a,1446.1,1496.6,50.5,0.0,627.31
ai_e3fa936d948641f7986ffee6bd15360f,1412.2,1497.4,85.2,0.2,860.2
ai_0ae3ccab163d4361a65eed1d03f1e292,1420.8,1499.2,78.4,0.3,868.14
ai_9714427bf0704081a57a7897a3a1094e,1423.6,1505.1,81.5,0.4,856.83
ai_c2a3a147617c43cab5b64265189fbb43,1463.1,1510.2,47.1,0.0,403.15
ai_d196c3fe8ea145c18f4a08a4c6b7791b,1475.3,1510.9,35.6,0.1,415.23
ai_1460bd59dab84e33bc85c951429040f1,1467.3,1515.3,48.0,0.0,624.05
ai_95fee298f0194a298d493ac349efbe74,1469.3,1523.3,54.0,0.2,627.31
ai_eb0521cfbec04f859b1996a1dc7ca484,1483.6,1535.1,51.5,0.0,624.05
ai_59b4b2b6a4c242abab3a5f33ccddbecb,1454.3,1543.3,89.0,5.7,859.73
ai_ce9160cd79204ff99d8923e959da6ba6,1446.6,1544.3,97.7,2.7,858.4
ai_8a63e47e451a414781c5868b5eeb0d89,1459.3,1547.3,88.0,0.4,847.83
ai_8dcabc60821046b997c84a18a019d631,1470.7,1547.9,77.2,1.2,868.14
ai_5b8702392c7b4ce58025a718ca45efb6,1459.3,1549.0,89.7,3.1,863.3
ai_22dcd77a01a646dd97d2b696d3ed795e,1484.0,1554.1,70.1,0.1,638.06
ai_81d4d8c1ad5044da89ce84b9defb23c2,1518.5,1554.3,35.8,0.0,402.39
ai_470ff062a54947f6a20d8be80b63cda8,1521.2,1556.2,35.0,0.0,405.25
ai_4bbcbcf796004feaa92836e5d0e53c9f,1497.2,1557.0,59.8,0.5,627.31
ai_d27405f0882247568fde341de7d572db,1463.9,1558.9,95.0,2.4,841.89
ai_8a683c0c0b634d3cb9e06c901d06a825,1461.9,1560.1,98.2,8.5,856.83
ai_60f30cf1ad154f8c80a7f6844d7c1c8c,1450.4,1560.4,110.0,14.8,849.36
ai_5d6923e7a6104543a8775053781c03e6,1524.4,1560.8,36.4,0.0,415.23
ai_d65b698fa91b4f22be4f4ced1452b225,1473.7,1561.6,87.9,2.2,856.83
ai_665dfe4b4d274007b8c0ac9702179e0e,1425.3,1564.2,138.9,23.6,841.42
ai_a0bdf7008dc5444aad5fda80ea005adc,1507.1,1565.8,58.7,0.1,643.97
ai_f3b7cd2caaca4a179cd76393a1ffa7e9,1456.9,1566.6,109.7,3.9,856.36
ai_5826fe5bd9ef40dc91117c480e88099e,1465.9,1569.4,103.5,7.5,867.67
ai_2e3dc19c34e64769a1698d1ea4c932fa,1479.6,1572.3,92.7,0.1,843.52
ai_11d7331fe7fd45a0a840eea978e5fa56,1527.5,1575.1,47.6,0.0,413.13
ai_45150ab0cf254ecd8cfa99910f0171e4,1493.8,1579.1,85.3,0.9,870.67
ai_4f8406ed54134b3d9267f582f923c370,1534.5,1580.0,45.5,0.1,408.23
ai_69e40404dca741bdaa42877d29baba36,1514.9,1580.5,65.6,0.9,843.52
ai_b69027a0896649cfbec5efc72930f1b7,1536.7,1585.6,48.9,5.2,415.23
ai_856775a908184279a09e63ed1fbb0122,1497.8,1586.4,88.6,0.3,836.52
ai_32b9cb1de9d54f48bc5815445c0f045f,1501.0,1587.3,86.3,0.0,853.2
ai_8289dc0006114f45b31e847ccea70410,1513.0,1592.4,79.4,0.2,637.74
ai_154bef27b9784f76a080cbfbd7d40dd8,1521.8,1593.4,71.6,0.4,854.83
ai_f2e80a7b133b4c7687d7f5906b4511f5,1528.4,1594.0,65.6,3.9,639.84
ai_4eabec2cc31e4892b9b79349a08f329c,1525.8,1595.6,69.8,0.1,843.99
ai_fde50381fc18407b826268d37d893650,1500.1,1598.1,98.0,0.4,858.4
ai_c3883e4d78d1431fa68299cae6266f68,1520.9,1602.0,81.1,0.0,868.6
ai_95b680c4b79340ce8981f9ec97246f12,1529.2,1605.4,76.2,0.0,870.2
ai_c9ad077c9fd04adbbdb456edcda88ab1,1527.4,1608.9,81.5,0.5,854.83
ai_ffc991ab70d04dfcb472462321eca951,1553.6,1609.6,56.0,0.0,624.05
ai_b82e79d84634479597e1e8fe0db5b605,1528.5,1611.7,83.2,2.3,862.76
ai_7b126ec5dcb849beae558d65fa1d2ab2,1535.8,1614.6,78.8,0.4,843.99
ai_15e817e1fda94a1cb644cca14a7a52bd,1557.7,1619.2,61.5,0.0,643.97
ai_12022a3ea3d2463d927b7d9fc72900a2,1569.4,1619.9,50.5,3.0,408.23
ai_98084a99e56947ea9c5008c3e3580e62,1577.5,1624.1,46.6,0.0,415.23
ai_8f47d447fe704020ad5557718190b175,1557.3,1624.3,67.0,0.1,633.31
ai_0c3b6fe74a3b4cb79738a9ca1398a586,1554.8,1626.6,71.8,0.0,862.76
ai_a6f5f239c73d4949985fb66ab1525014,1576.0,1626.8,50.8,0.0,631.99
ai_459679870e284438aad3c6ad36cd889b,1557.8,1630.1,72.3,0.3,854.83
ai_7ea41cebd80f414e872602fb101b50d8,1565.1,1633.6,68.5,6.1,647.59
ai_fce0205e2ba141d39e995726d54a3459,1581.2,1634.4,53.2,0.2,626.84
ai_9b4a617fdef14268ba680d8ca20dc644,1599.4,1636.6,37.2,0.2,415.23
ai_bdbfd968c4974f869532250c6fe81bb9,1555.3,1638.3,83.0,2.1,857.36
ai_72092a91f6cb4cde89ee5b153c6423d6,1606.0,1639.7,33.7,0.0,402.39
ai_94efe96b2be84f39b096612e62570e42,1578.6,1643.0,64.4,0.2,627.0
ai_08c534d89e954945b29fad7cd89c9ad4,1584.5,1644.3,59.8,0.2,624.05
ai_07755f096f8f47309c51242732af9d97,1573.2,1645.6,72.4,0.4,854.83
ai_1c8ea10457fd4fe88150794e9667832a,1613.2,1646.9,33.7,0.0,418.1
ai_8391a6228fe1449e97ab4ddb42386ce6,1578.1,1647.5,69.4,0.4,857.63
ai_68db1bf5cbc94cb0a90f669cd3d5fa30,1571.6,1648.5,76.9,1.1,843.52
ai_662d27ad153d4763acdab72437385c57,1615.9,1654.7,38.8,0.0,411.1
ai_d3a7a8f5f7a04037912608cfd23dc230,1570.3,1661.9,91.6,15.9,647.59
ai_8fd5e5f3d9904b22b1ffa9eed5f5b099,1567.3,1662.7,95.4,0.4,860.66
ai_03c5443fc074400bada6f9ccb81c45b8,1567.7,1663.9,96.2,12.6,857.36
ai_82aeac89c8f645b38100a71280db864a,1619.3,1667.5,48.2,1.0,408.23
ai_624542786b0f41c5a7747fb0abc5a069,1634.1,1669.4,35.3,0.0,415.23
ai_8224bcce4af64cdb8a0c1ee8b9179cfc,1585.3,1670.6,85.3,14.7,647.59
ai_9ff19e58a72344e39484b5b02d479686,1612.0,1675.3,63.3,1.5,647.59
ai_2abeea3712c64156b9ea47a7edb0ac1d,1587.9,1685.6,97.7,6.6,870.67
emergency_c0922e7e0d5244579dae075aabf625c5,1610.2,1685.6,75.4,0.1,866.64
ai_ebb5b61daa1c4b5ab0e4c6c43f2944a9,1599.2,1689.5,90.3,0.2,852.73
ai_48a8dc738fcb4668b66bbcda99969579,1603.2,1695.7,92.5,15.0,856.36
ai_da0c36e3333e4d26ba3eda3fc229172c,1631.0,1696.5,65.5,0.1,857.97
ai_d66b34e05a5c474da8ef344ed60bbcd0,1613.9,1697.4,83.5,0.2,861.14
ai_a9abb602c26e4a0ba992ce63baaee34c,1651.7,1704.6,52.9,0.0,640.31
ai_debf8ebe88dc468596ecdac6b30d8eb8,1645.6,1705.2,59.6,0.0,857.97
ai_8ae0371f79ef4b20b0fbab16a5b8bfe6,1635.0,1708.9,73.9,0.4,860.2
ai_0fdfeabad5ff4788ac5cef74e0e0a585,1634.8,1712.2,77.4,0.4,873.0
ai_381d73293b264bd586314947bfd57971,1657.9,1715.1,57.2,0.4,624.05
ai_40ba2aa217c84f77ad6e55df0daf9595,1650.0,1721.6,71.6,0.3,846.89
ai_7a6429bb79914855b040722ed34d83f6,1644.3,1726.9,82.6,0.2,867.67
ai_0cdcb3ce8e7d44d5a83f4cab6275e0c1,1682.1,1737.1,55.0,0.0,627.0
ai_3588aa642e0e48f0a7dd73e5108444a7,1676.4,1737.5,61.1,10.1,403.15
ai_2b631d55b3524ba6b965b50f235c402d,1665.5,1740.5,75.0,1.9,640.59
ai_33e6951f74224ec2990a8c59b65c3905,1666.9,1740.9,74.0,0.1,856.36
ai_dd807de454d9401cb429ea8f98682c33,1676.6,1742.1,65.5,0.3,607.0
ai_dbfdcfc708aa45ea8b930b70dbe048f9,1673.9,1742.6,68.7,0.0,856.83
ai_b3c44ed76c3b40dc8fbe9d8a4bf8e719,1703.2,1753.7,50.5,0.0,624.05
ai_e43688d28a5e47319592b774a5fa4dd1,1684.3,1761.0,76.7,0.1,868.14
ai_13f9c99dbdab4038857c18cda1781394,1702.1,1763.8,61.7,0.0,614.0
ai_94f158299158455d8f02bb86de36d702,1698.8,1771.1,72.3,0.3,846.89
ai_be8850dc995a4d908f539186e0993bf1,1709.7,1771.1,61.4,0.2,640.31
ai_858a159df9fe48f28444f1bbafb3cb57,1692.1,1775.8,83.7,2.8,642.96
ai_ec657f1831e547a5b71f5217f943e6dc,1692.6,1777.6,85.0,5.1,860.5
ai_0dd52c61fbf14cddad251ae6416bdfd3,1690.5,1779.4,88.9,0.2,841.89
ai_cc4ef174fe0043bda8a89b552d1dbc53,1680.5,1780.4,99.9,11.5,854.83
ai_3f18ca02a35f43f1b9ea7f068616291f,1696.7,1789.2,92.5,11.1,647.59
ai_9cf6772390464e2fa93a20c2feec1738,1722.6,1793.1,70.5,0.0,843.52
ai_cd608157d98e469a9c133d66bfd00963,1768.6,1800.9,32.3,0.0,418.1
ai_b8dcbc6833cb495d89870602ac95579d,1757.7,1801.7,44.0,0.3,402.39
ai_fb7fa308641043afb794ad83275f1f68,1705.1,1802.0,96.9,0.4,844.79
ai_ddb2e56b44664619aaba5f3e66511922,1720.2,1802.1,81.9,0.1,836.52
ai_11576f96f6bb47b386d3bc154d23aa2c,1706.9,1802.2,95.3,3.8,868.6
ai_3cb33353bedc42e0bdecf8f0df68ce59,1732.0,1805.8,73.8,0.5,867.67
ai_df17558c1e884447a35afc8942041dec,1734.5,1807.1,72.6,9.4,643.97
ai_5e1fe5d9a2cc44ebbd62afd6d64bb842,1716.5,1810.5,94.0,5.3,860.5
ai_0bfb3e246fd54f999d25a228f46f8cbb,1722.6,1816.6,94.0,3.5,870.67
ai_3fa60e73f4134bf6a8c7c2aa97c1da36,1772.4,1817.8,45.4,0.1,411.1
ai_94a972e27dc74ecb940c05cb4d611ffd,1747.4,1819.5,72.1,0.5,843.99
ai_b5a32bc172804b1eb9f419dd3ee8e120,1703.3,1819.8,116.5,7.1,863.2
ai_093b837a90c54b799d3aa50d6bccfd76,1749.1,1821.3,72.2,0.7,854.83
ai_dfe4d7f6028c46b58d4e8ad2ba4a7b64,1732.1,1821.9,89.8,5.7,870.2
ai_3ca0d6a705c54e338547c7f84c22e8ce,1753.9,1824.5,70.6,2.8,873.5
ai_c68a7221f0e648d7924fb08ab9e3d187,1744.7,1826.9,82.2,0.0,866.04
ai_5fed8cda161f4856bb4bae4b851703e3,1743.7,1830.4,86.7,0.8,870.2
ai_748fdde8fc564fbdbf95f5403aa5b9e5,1765.2,1833.4,68.2,0.8,857.97
ai_8e82b820c1bb4564bee20f8d27b6438e,1752.6,1835.0,82.4,0.2,870.67
ai_e537adb9e44a4da49a6963260c9ac058,1757.6,1837.9,80.3,1.1,857.36
ai_2adb5517fec24082b9acbf9ae5f95462,1768.2,1839.6,71.4,2.6,642.96
emergency_baa117da4ad242f29f567b2f361f9c22,1768.5,1843.2,74.7,1.2,842.49
ai_700811b2b550481086f707c0053662a0,1776.3,1843.7,67.4,0.3,859.73
ai_3c2a8ddeb4264f2e91c4cc290bd1667a,1733.2,1844.1,110.9,31.4,856.83
ai_bc436b73144748abab9a0a28af943bbc,1763.8,1844.2,80.4,0.2,868.6
ai_aeb28eff2bfe42799d4b62028eca8763,1764.4,1844.2,79.8,5.1,846.32
ai_087b8dda39c9441f8a06f12c199a86df,1772.6,1847.0,74.4,11.0,645.06
ai_61310223addd438694b9261e0380efdc,1761.3,1857.2,95.9,2.2,853.5
ai_bcc6e5773815416a8bcab9b319c05996,1765.2,1863.0,97.8,20.8,647.59
ai_9b863345d34a4d77ac098ee818709d21,1772.4,1865.1,92.7,4.5,855.76
ai_ce6f3ba703bd45a687fef5ab4c2be1d2,1801.2,1867.3,66.1,3.9,639.84
ai_57b00c7708b146aea577aed8a41f30dd,1800.8,1872.2,71.4,0.1,846.89
ai_cc9f077e5c4544af8b24eba7e34b5301,1793.6,1873.8,80.2,0.3,870.7
ai_2e54e2fb164d4ea4ae3ea08feab45057,1799.0,1875.3,76.3,0.0,863.7
ai_58b00947a571421eb7580afd03fc71cb,1826.0,1880.6,54.6,0.0,643.97
ai_73797baf2d36426e91cb37d122d62f69,1804.6,1884.6,80.0,0.5,854.83
ai_c58a443cfdcf434d8cf51f0d4828c21e,1821.5,1892.5,71.0,0.4,868.14
ai_bb8edf1b35084bb9b79e6de5843b1913,1770.0,1895.1,125.1,19.2,858.4
ai_407c273ac1b34e6aa2016ddae2320cb3,1776.0,1899.1,123.1,18.9,853.5
ai_5d37349338924d6988bcb9c4b5fda49a,1836.1,1904.0,67.9,0.1,868.14
ai_2daed8d370b341a4b4ca851d395664f9,1818.8,1906.2,87.4,3.5,867.67
ai_6b5187375565438694fbaaa392dd7570,1850.6,1909.8,59.2,2.0,614.0
ai_a70119ad14764f7eb54b2819e117e6c1,1817.1,1912.7,95.6,0.5,858.1
ai_c21de34aa7654f28b05aa2042cbe6ea6,1843.8,1920.6,76.8,1.2,846.89
ai_40f43c03a5a54c5a9a988636ab6d71b3,1830.5,1922.9,92.4,6.3,849.36
ai_95d4b6dcafb84b228c70be0d305d1f08,1844.2,1923.0,78.8,5.3,638.21
ai_7bcb9278f5e54cb6a65f311cc851651c,1853.8,1923.7,69.9,0.3,860.2
emergency_de76e5389ce24cf7967fbeceef914a02,1851.1,1925.4,74.3,0.0,866.17
ai_50dc6637f53c44f7afdc9173446659c8,1831.3,1925.7,94.4,0.6,866.04
ai_3de8a6c7ae2a43a5825d6ab4fe5d0a71,1851.2,1927.3,76.1,0.3,860.2
ai_fa5efaf533c9404ea9631d9036326d58,1851.2,1927.4,76.2,0.0,854.83
ai_df72e19461674630a9f65ca5d0a34ee8,1853.7,1930.3,76.6,0.4,856.36
ai_486ab8de4fc143968b2d07bc2b8ac18f,1890.8,1930.6,39.8,2.1,402.39
ai_a750f91088294688a03cf9e623f20b71,1826.5,1933.9,107.4,22.3,645.49
ai_29ba4acd971040ff973b86729f804874,1858.9,1935.6,76.7,4.7,647.59
ai_e6f6d6231ebd4ecfb946a0e053bd8a28,1854.3,1939.4,85.1,0.2,870.2
ai_3556587163974938afabc5096ef650cc,1883.2,1939.5,56.3,0.4,640.31
ai_e774b863515d414ba5f30783a13fc99a,1851.5,1941.3,89.8,3.7,862.76
ai_67588f6d43554831926c2777bf549a4c,1858.3,1941.3,83.0,2.9,830.68
ai_a91fa520f53e43b5af5549f130aed6ae,1864.8,1942.9,78.1,1.2,846.89
ai_74cad712e55f4797bc96573f532bcbff,1867.8,1943.1,75.3,0.1,638.21
ai_06e2aa0d7065482d92b3ddc031948f5b,1875.5,1943.8,68.3,4.0,636.97
ai_7bd5006d95f5430abde766480241b802,1856.3,1944.4,88.1,3.7,867.67
ai_60ec2fc6849a406fa0292ece6712b9d6,1856.0,1944.8,88.8,4.8,867.67
ai_ac5f280d51294597a589bc07fd276714,1847.2,1946.0,98.8,0.1,841.89
ai_a02b74ddf9dc4c4ea578eb11c77faa6c,1880.7,1948.3,67.6,0.4,854.83
ai_601027aae06f4fb2a3bae97873593a78,1862.9,1948.5,85.6,0.0,870.67
ai_2ffb8c2f6d53405fa8991f689ef2d9f2,1883.2,1960.2,77.0,3.0,857.63
ai_bc3fe1635e244be58cbf1961dcc01d50,1918.6,1961.6,43.0,0.0,408.23
ai_53d274935d694952a97940ebe53e0867,1897.7,1964.4,66.7,0.5,647.59
ai_db53d8bc3b554ffabf6dde9c9832ded7,1892.7,1966.6,73.9,0.2,860.2
ai_aed1a296c3dd40c2b7b460a3e2a5586d,1903.3,1967.0,63.7,0.1,860.77
ai_28724468ad0a45ab99c78a82d7f02558,1892.5,1971.2,78.7,0.1,868.14
ai_d36bf982f2f644b38d50bd098f0f06c9,1913.8,1977.6,63.8,0.6,870.94
ai_c3dbaf14aa3d40329c9b1b68bede81dc,1925.7,1978.1,52.4,3.3,408.23
ai_20b5cd48555348fd8f392c76c29d35cb,1902.9,1980.4,77.5,0.1,846.89
ai_12320c920fb547ab89448974db19dee2,1904.8,1980.6,75.8,1.3,860.5
ai_0d6c0982b0e0463c88a6a2de1774547a,1911.2,1982.2,71.0,2.0,830.68
ai_58ff64113d9643e3aa2ce9f608bd4d35,1927.5,1982.3,54.8,0.1,624.05
ai_17cfd4b12dbb46cbaa52ad318f28adbf,1880.5,1986.9,106.4,3.1,863.2
ai_fb4f003d544f40a0b3d8ec5766f1d784,1907.6,1986.9,79.3,1.5,638.21
ai_801917dfa24d43a69163cff415493210,1902.4,1987.0,84.6,3.5,862.76
ai_389a5cd048f244439c60f75e134c9fc1,1915.5,1992.3,76.8,1.4,843.52
ai_23b8c0f685754b3bb8cfaf7489b96c45,1879.7,1995.9,116.2,13.7,841.42
ai_da7f2bc27880483eab75e3eb36ec9270,1918.3,1997.0,78.7,5.0,843.99
ai_5a210230ef7f4830abf942a3dd682c23,1926.8,1997.7,70.9,0.5,843.99
ai_d5096091676a4f2d845468923829b474,1909.0,2000.0,91.0,1.2,863.67
ai_1bdbbd059e334d1fa3581351a8b2e44f,1958.4,2003.0,44.6,7.7,415.23
ai_980f917406a147f5a2f2d7554eb6bc5e,1914.7,2003.4,88.7,7.5,860.5
ai_2b6601bc542e42ad9a023fccee648cce,1952.6,2003.8,51.2,1.4,405.25
ai_89b6110e151c4574a0fc0b46fff712c4,1954.2,2005.3,51.1,0.1,626.85
ai_6d8394163b6a412cbb00e1694df53059,1938.6,2008.7,70.1,0.1,611.9
ai_d40a7636018c493bb637c2b98ee8f43c,1938.8,2012.2,73.4,0.0,868.14
ai_3f69d54a3b6f44df9db206711c444c73,1947.1,2015.4,68.3,0.1,854.83
ai_1938560dcf924b38a215a610e160654a,1922.1,2028.3,106.2,5.2,858.4
ai_fa3abeaf60224f1caf110237325fc610,1952.3,2029.7,77.4,6.3,843.52
ai_10fa708d460e4514b54eb28ce8ddf14d,1971.1,2031.2,60.1,0.0,629.89
ai_0c90977025d84a3cb7662851fb98c500,1939.9,2032.2,92.3,7.6,859.73
ai_b1d2874a15424609973013b6c739223e,1946.2,2039.6,93.4,5.5,843.52
ai_a42f853b97064628b9a75a5bfc58ddab,1997.4,2040.0,42.6,0.0,400.29
ai_57ca7471f25e43389f9262d8cd0c46b4,1959.3,2042.3,83.0,7.7,638.06
ai_8085aa6140804f47bebf31e020081635,1955.0,2046.4,91.4,1.1,843.99
ai_fa06f3ba22bd46b28b2fdef113ea3499,1975.4,2048.6,73.2,1.1,857.36
ai_c11a0d4f15884fc8b15ffb4e57d2ea4d,1973.3,2049.9,76.6,0.0,859.73
ai_60b4483bc3ed45078f63a8d7e7cd92db,1941.8,2053.9,112.1,9.2,865.57
ai_8fa62ee08785448591f397869f453fec,1926.5,2055.2,128.7,14.6,870.2
ai_44a29b1dcb2149cebdaf2dbe55a5c801,1929.2,2057.9,128.7,8.8,870.2
ai_f8009023527c46c691e3a1283f7d8985,1973.0,2058.2,85.2,0.0,868.14
ai_18b64bd1ba904b9b91143e58afd8511c,2017.6,2059.3,41.7,2.1,415.23
ai_7397fce083e040ecbf691f5e66f9ac18,1974.8,2061.0,86.2,0.7,867.67
ai_b3bce29c33be4a14a6802ef7cfd48d3f,1987.0,2062.1,75.1,5.6,629.89
emergency_660f306538f84d1cac9db619d725e132,1991.4,2064.7,73.3,1.9,829.18
ai_fc4d2a4b67c34a8fb5a3c3571f37be78,1982.6,2065.4,82.8,0.1,861.14
ai_85e239131136438bacff5582e85a6d1c,1991.3,2065.8,74.5,5.3,624.05
ai_95968700711049c5ab6b729ccc3d1c7c,1977.5,2066.2,88.7,0.0,854.83
ai_4297c80afd254043bb83728aca9fb6ad,1991.2,2066.7,75.5,0.6,870.2
ai_17ca4aba8e6a474f9c74f962c9dd5323,2028.5,2067.0,38.5,0.3,402.39
ai_54e09ae9c5114a81bea28f740fb6934e,1986.5,2071.1,84.6,6.6,856.83
ai_c8602d9b5b8f4fb19f47c145c9a9ae11,1990.3,2071.5,81.2,0.7,860.67
ai_50eeaa9f0a774ef698a5c6b15fba11b5,1994.0,2074.9,80.9,5.4,631.99
ai_9469f3db07b84f4abaa3edc66a634038,2003.9,2083.4,79.5,0.0,853.2
ai_10a307b6ad3b418bb48b7ab77726da53,2020.2,2084.1,63.9,0.0,645.06
ai_6c37759ab78a427a870bdb621c2d6198,2011.1,2085.4,74.3,0.2,624.74
ai_18abf76e3a24445689bf465421623f61,2009.7,2090.1,80.4,8.1,631.99
ai_8a60ad9a6f284cdc8ebfff5787161438,2038.9,2096.6,57.7,0.3,624.05
ai_6dda5cd9105d460c85a3907f942b4410,2025.5,2097.8,72.3,0.9,843.99
ai_4f4a7b70983e4edb8090cdb3275b41ea,2051.3,2104.5,53.2,0.0,643.97
ai_a3e45bbf17ba48c3805c158c85b81311,2032.9,2110.4,77.5,0.2,843.99
ai_abdce23612494f86a486d5549659186f,2053.0,2112.3,59.3,0.0,643.97
ai_5e470636fc874e658ecb90e8a76f1e87,2059.8,2114.7,54.9,6.9,642.64
ai_7ed92577a01c43a6a747913ade31f8c9,2053.3,2121.3,68.0,0.2,607.0
ai_c90dec6e089d4c3b9ef31a0f61db59f1,2063.7,2121.6,57.9,0.0,645.06
ai_a659261a35684d99b80a0b3b9bf43dac,2049.6,2123.4,73.8,1.2,846.89
ai_957d811320294564be8513fb67d9d9d0,2058.2,2128.3,70.1,0.4,857.97
ai_20650922b63e4c57aa06f677bf7cfded,2062.2,2128.9,66.7,1.4,862.76
ai_3038477085ca4f2d9cd15e1cc3248648,2067.4,2137.9,70.5,2.4,860.5
ai_3b5ccd994d8a401181b3320c92b218cb,2057.3,2138.2,80.9,1.3,870.2
ai_048c6cf530834354a6517912e0647a51,2059.0,2140.5,81.5,4.9,843.52
ai_021e721f3c8b49f5b1beb929d58161d7,2061.8,2141.0,79.2,0.1,860.2
ai_2873efe4a6b94290b5366875f5162868,2111.9,2146.4,34.5,0.0,418.1
ai_e7153922067b4220a3d2a8760ae97bbd,2079.1,2148.7,69.6,0.2,843.52
ai_f843b5392ad24fd9934f0e2cf3d43a11,2081.7,2150.8,69.1,0.0,854.83
ai_9279843bf77b4933978afbce54918bd7,2067.7,2151.1,83.4,0.0,849.83
ai_58383e0d5c56427eacc82faf0d7516f0,2066.7,2152.8,86.1,0.4,859.73
ai_fe7e24ba99e5486cb35610a8f734f462,2102.6,2158.1,55.5,0.0,643.97
ai_904d96928fce4797bed2b5e7e684e420,2069.3,2159.3,90.0,1.6,859.73
ai_fe1bb3395d1b457fb00cb069b5992280,2083.4,2160.8,77.4,2.8,862.76
ai_94c84a2f658e4c449776d6374f5f7d5a,2096.3,2163.3,67.0,0.0,870.7
ai_6ff371f9aa454b20a641c721dad25b37,2074.8,2163.5,88.7,1.2,849.83
ai_0223338526ef4c08b8c9f8e1fb0ddc86,2100.8,2166.4,65.6,0.0,843.52
ai_6704a01caa274d9f87609c848395e1ee,2108.2,2168.5,60.3,0.7,647.59
ai_a9bd83e0e0124b94ae73e185d30d7582,2105.4,2178.0,72.6,0.1,860.2
ai_7a646ef070e04769acc6a05935543906,2092.0,2183.8,91.8,1.3,841.42
ai_7e32ceb073d44280b16171f2a7b139b1,2130.0,2185.0,55.0,0.1,626.84
ai_9ee05e504c3d49eea17f68dcbb0feb46,2110.8,2186.6,75.8,1.6,860.5
ai_c3d0d290208748d59d60a8c3601e74bf,2104.7,2188.1,83.4,0.0,852.73
ai_fb4f605a83d44502a47965b54ea04415,2121.6,2193.7,72.1,0.4,870.67
ai_4a8ff51e280348acacca50c7bcb257f8,2140.4,2196.6,56.2,0.2,631.99
ai_054c43043ef14a819c3080e17751c145,2114.1,2202.1,88.0,0.0,861.14
ai_bee33638dc6f483db4fa4183e32caec0,2137.0,2203.9,66.9,16.2,405.25
ai_a006dd0af0df4b6fac9f3e3d0b91a502,2129.5,2206.0,76.5,0.0,857.97
ai_0de6bd3a5d0c48d284f0030ebf057372,2136.2,2208.7,72.5,0.2,860.2
ai_8d15b599187a4da596a9126e90416ca3,2131.1,2208.9,77.8,6.0,647.59
ai_0c8b40bc8f0349748f373493ab8997b3,2150.6,2217.6,67.0,1.1,846.32
ai_6f06cfb6a15147da93e07c5a122862ac,2187.3,2224.8,37.5,1.6,405.25
ai_ccc687a98dc34885baf90d168b9c3742,2185.4,2226.1,40.7,0.3,405.19
ai_65afb126997e4c3f83668ec7c12e1eb6,2158.0,2235.3,77.3,0.9,860.2
ai_c6ee7afecef24b5e8959f5535b32f0c6,2173.2,2237.4,64.2,0.1,862.76
ai_d7a77a13ead34e34921e8cac708977b1,2151.3,2237.8,86.5,0.2,870.47
ai_492abc39a7fd4c8685ab5cad7be107ff,2180.1,2254.2,74.1,1.9,854.83
ai_08cfb597aac649dba0d4a6c3f2eb5eda,2185.8,2255.5,69.7,2.0,865.56
ai_7c7103feba514cdd9cb7ec498eccfc5c,2149.3,2258.7,109.4,16.7,866.04
ai_01c31d17861140089a62ff96483e5ea0,2127.2,2260.7,133.5,34.6,863.2
ai_bef3b7ed2b0044c48525a889682af58d,2191.0,2263.1,72.1,0.0,854.83
ai_c7888d9c1f5844e5a66100dc0a81224a,2183.7,2269.4,85.7,6.4,843.52
ai_844743b5e6fd48f9ba72c9356afe9685,2201.3,2269.7,68.4,18.2,418.1
ai_c818ad07a13842b1a9edf643e4644b20,2238.0,2271.4,33.4,0.0,402.39
ai_3b04b01e1cf54050a6c21976fdc66e84,2236.4,2275.8,39.4,1.0,418.1
ai_2ec2ac4f6be2451ab3dea8b0543b69f4,2213.6,2281.2,67.6,0.3,854.83
ai_9bd6042408674981b1b0562626a1bba9,2204.7,2282.0,77.3,0.1,860.2
ai_41a140474e334c78b85cfc48f26e1346,2214.1,2287.9,73.8,0.2,873.0
ai_3760a3919124430d9392cb17449f0842,2233.6,2290.0,56.4,5.5,616.8
ai_8fd2e5d97d1742deafe09a7774471a43,2259.4,2290.7,31.3,0.1,405.19
ai_50fb052738bc4fa9a7e85c649c22f0c1,2175.7,2291.5,115.8,28.2,856.83
ai_cfa7d89a0e1241c09de9ac02abbd9b93,2209.1,2294.6,85.5,0.3,857.36
ai_98c80d8cba6f4ed9a7aac616fb751459,2216.6,2296.7,80.1,4.2,640.59
ai_3ffe93cfe5f44e83b91a0d17c03147cb,2245.0,2301.3,56.3,0.0,627.31
ai_7c61eb4304804834b7ab5d25c3ffc03c,2221.4,2302.9,81.5,3.1,868.14
ai_9cfdde1f821b4a8890cdac50ef62b8dc,2168.5,2305.3,136.8,26.3,849.36
ai_ed8f5a9ea80b4d0f9a43c7040db57f2e,2241.3,2305.4,64.1,0.0,624.05
ai_a6783cf89af3475f9b78a763b465f2c1,2221.0,2308.3,87.3,1.3,862.76
ai_bd933bf317a44ca8970c0e4c4fa8bc88,2207.3,2311.2,103.9,0.4,868.6
ai_a32b77b1036c4f41a970135180f67885,2248.8,2312.6,63.8,0.0,607.0
ai_1a78ffd3084b4de3be3c412058ee3e66,2279.1,2316.4,37.3,0.6,402.39
ai_84f6e117c1c8472dbbd13d7f67f00951,2174.0,2318.7,144.7,37.2,860.67
ai_b558d4660ad341ecafce37e958afa752,2264.2,2319.7,55.5,0.3,645.06
ai_dcd9c88738c548adba855c652756b13e,2195.6,2325.0,129.4,33.7,867.67
ai_0aea434cc3634a7397338d584802bde4,2265.3,2330.7,65.4,0.1,843.99
ai_e1d564e7a04a4ba790d4e2adb39f0e99,2255.6,2330.8,75.2,1.2,873.47
ai_952da2a580c6492998f72db3184070f9,2229.7,2337.7,108.0,12.1,856.36
ai_b1901135be894c9a9604ca648e476451,2274.9,2345.8,70.9,2.4,843.99
ai_41179426bfdf4d65bcc20a1175eea666,2284.5,2346.6,62.1,0.1,645.06
ai_009fbce55f4244f69745334afbf999b8,2283.7,2348.8,65.1,0.0,643.97
ai_7be974ee48244b23a7c6e8a7117ff9ee,2300.6,2352.1,51.5,0.1,631.99
ai_08324bfde5ed497ebab2a0862e028226,2331.4,2367.7,36.3,0.0,418.1
ai_7f87d7e64a5849d5a7422d9cf9118e56,2289.6,2369.6,80.0,1.0,860.5
ai_dc61fa26a74448e7a350b74d691206c8,2336.4,2369.7,33.3,0.5,415.23
ai_5b98d1f1dee341d482e9741b586718c2,2240.0,2373.0,133.0,18.5,860.67
ai_22c7b94fe1064f359e93aa92b1de5bd1,2320.1,2381.1,61.0,1.3,614.0
ai_01d84b6bdcce4d74b0909761fe7aef1b,2292.3,2384.9,92.6,8.3,860.5
ai_0303a8902f5e403da7b2061b1786333a,2302.4,2385.6,83.2,0.1,855.76
ai_c2fb676c201143dc85456123a19ac33a,2299.7,2385.9,86.2,5.3,856.36
ai_85428a089f4049b1bed9255a951c4961,2342.9,2388.9,46.0,0.8,415.23
ai_0ac9164f18e74a58a930edf6bc206c67,2293.2,2390.5,97.3,0.5,858.1
ai_004cad41e4994633876406ad27a72243,2296.7,2391.4,94.7,3.5,860.5
ai_128a750a48e1432ea1708ffff5b02a01,2306.8,2392.1,85.3,2.3,846.89
ai_405045658b1b47928a1fad09112ac98b,2244.5,2397.0,152.5,25.5,865.57
ai_2a6c0b7a658a4526a23e598bc0a3babb,2343.5,2401.2,57.7,1.3,631.99
ai_f90233c338094c64b45fb0d650800cae,2325.2,2402.6,77.4,0.3,846.89
ai_efd349a598344b2e9529729dff62a643,2331.8,2403.9,72.1,0.2,638.21
ai_026594a421f24b12a7d9abb2a62cfe65,2313.4,2408.0,94.6,1.1,828.58
ai_05834398f02641a48675d13754460de4,2325.5,2411.5,86.0,0.1,852.73
ai_9c919a82819246f8b0836277a8f76485,2344.0,2416.0,72.0,3.8,859.73
ai_44ae89f956634028b0abd2c63ea5b091,2365.6,2421.4,55.8,0.3,645.06
ai_c8d3c7051ca741e984da3d2bb4fa2aa5,2337.7,2422.3,84.6,0.1,849.83
ai_214a2df179b94e05b658c3e4a0e229f3,2390.1,2424.1,34.0,0.0,420.9
ai_c883a100671346efb48c1101b6a1b7be,2353.5,2427.4,73.9,0.5,856.36
ai_6ac1f4692692483bb53117cf57053af6,2351.1,2430.3,79.2,0.4,854.83
ai_cad78d40069a4263b0fe8b27e93714c0,2362.4,2431.3,68.9,0.3,868.14
ai_c81d979ea0a34b5a9d66061c39fe7103,2358.7,2437.1,78.4,1.8,868.14
ai_7a222a26181d4b4ca8758be4350457cc,2377.0,2442.5,65.5,0.2,873.0
ai_823d480d4e15439e83ff9ce2b19f7650,2355.8,2442.8,87.0,0.0,828.58
ai_e691da8912094a88a4933ac22cab309f,2371.0,2446.0,75.0,0.1,860.5
ai_e1d31aa924924650a32d10c4265d0883,2356.9,2446.1,89.2,12.9,856.36
ai_ad9a021f070f435a8cf298064a469e7c,2399.8,2448.0,48.2,0.4,413.13
ai_f5bd5b6518714a4ebe7cbcbaf8121f12,2382.2,2461.1,78.9,1.3,859.73
ai_9a20663073c547d4a081584427ba4189,2386.1,2462.2,76.1,0.0,860.5
ai_d2dbb2ed7c7d4800b5ee1e98012db9fe,2384.3,2466.4,82.1,0.6,862.53
ai_aaaa878b07574ae19a69a61809be5e33,2387.0,2467.2,80.2,3.9,867.67
ai_accd1240529f468e8fe4ba7562350f24,2385.0,2467.6,82.6,0.0,856.83
ai_9ccfc38bfaa3498880fc7796d330623b,2380.5,2475.0,94.5,2.2,855.76
ai_e3bcc87844a241489210a1a1a5c3ce26,2436.4,2476.2,39.8,1.7,415.23
ai_c1ebef3e60774d4ebc89001c6ca1afcf,2384.4,2482.0,97.6,3.8,870.7
ai_faa8096731f2475c9929496f695fd471,2394.9,2484.6,89.7,1.2,866.04
ai_9ab5131f4e4646cc9c4a67e782c62357,2428.5,2486.0,57.5,0.4,631.99
ai_fe874b0936d445bfb56e1c4ec0be8a21,2419.1,2486.4,67.3,0.0,632.84
ai_0794b8751bec4925b4cf4e308b3295cf,2413.3,2488.0,74.7,0.1,856.83
ai_749cb31dfc0b4dce9c132197fa44a198,2432.1,2489.2,57.1,0.0,643.97
ai_8e01490579424db48d8ffb8bce27391f,2423.3,2489.6,66.3,1.5,830.68
ai_8f939372192d419e8da02d68611cfc99,2444.8,2493.6,48.8,0.0,413.13
ai_3eae85ef10484b1ba7e460db9671b0e4,2449.2,2495.3,46.1,2.6,418.1
ai_88f8890e77184855819afd72ba240f0e,2434.8,2499.2,64.4,1.8,624.05
ai_7527bcec724f492985e22464f9b210ce,2424.5,2503.9,79.4,5.6,632.84
ai_67b850816cd34e49aec88e22877aa53d,2412.8,2505.6,92.8,0.6,859.73
ai_fd946d017aa1475ca3d608f26f4a098d,2433.8,2506.5,72.7,1.5,857.36
ai_c1c02e95ef194db0879035533581e909,2452.7,2507.1,54.4,0.0,624.05
ai_75e22d7308024642939736666e9c5d6d,2456.3,2514.6,58.3,0.3,639.84
ai_2902bc481dba4577847833382f6e2f35,2438.9,2514.8,75.9,0.8,870.7
ai_ffdd3edda2e640a1878e1ad6013e3958,2440.5,2515.3,74.8,0.5,849.69
ai_f6486909718747bdafe6cb54566c4b52,2436.4,2518.8,82.4,1.0,857.36
ai_731dd089f2394832922a3a8df0f27911,2450.2,2520.2,70.0,1.3,870.47
ai_5ca2770e300646dab6253778fb43cc30,2439.0,2524.1,85.1,7.4,857.36
ai_a3a7cd6c025e453ab298f5fa4aa48391,2440.4,2524.6,84.2,0.2,867.67
ai_ffacd5d32dd8450e8fb1ddf000efc27c,2471.9,2529.3,57.4,1.2,629.8
ai_ea4c13245be54a19937adf133f30acb0,2451.3,2530.2,78.9,3.5,846.32
ai_177094cd440f4cc48395ccac402cb124,2453.6,2531.5,77.9,3.3,859.63
ai_69c4f7c9dfa64b15bb526e50d6a565c8,2452.1,2533.5,81.4,1.8,645.49
ai_bddbd14f7368411fb64d9bca70767368,2447.4,2540.2,92.8,1.5,841.42
ai_ce3e50e9192d4ee4a04544f5c43abc8c,2485.0,2541.0,56.0,0.2,627.0
ai_db13f00533ad410486b91d1407424200,2484.2,2544.1,59.9,0.7,614.0
ai_65b2b34da8ce4aa7bd634711dbb84adc,2487.1,2545.6,58.5,5.4,645.06
ai_ed762db053f34fa9b907ceafa147b58e,2507.9,2545.9,38.0,0.9,415.23
ai_36b8c61cd64d4e3e8233a929bf2e29e5,2470.9,2546.2,75.3,2.2,870.7
ai_67ba53cb4b5c41c98fd496eb3b205f8f,2512.4,2550.2,37.8,1.6,415.23
ai_d0f888acf5204ac09719782caae20f2a,2484.1,2554.1,70.0,0.1,624.74
ai_714126d765d94105aeddac7a7e5b6387,2509.3,2554.8,45.5,0.0,416.0
ai_08b0119e87a147de8bbec00f2cd43852,2473.5,2554.9,81.4,2.7,862.76
ai_7dff9ecbd27a4cf99195ab5d749e221f,2478.4,2559.2,80.8,0.0,867.67
ai_0194c17ab1c04f2f9280d73d04c247da,2472.6,2559.7,87.1,0.4,866.04
ai_819f028617e641cc9c9145527ae47a08,2481.1,2561.0,79.9,0.5,867.67
ai_50635514f3ba4c15b9a8a0a200862b86,2488.0,2568.9,80.9,0.7,854.83
ai_fcbe1fb49cc54a068e4d25a4f665221c,2484.3,2574.0,89.7,8.0,860.5
ai_2a9a819a34314b8095cc83c6babd6468,2500.4,2575.7,75.3,0.3,870.7
ai_15cbfedd0a814b82909e5e8f0b3b9ab8,2506.3,2576.8,70.5,0.2,856.36
ai_60d58ac06fe147549c6cb544bd6e2a52,2478.8,2576.9,98.1,7.1,858.4
ai_94f553b1d6c549feaa84c7b51df125c9,2506.1,2577.2,71.1,0.6,629.89
ai_a3d1168473924dd689e2e4018f5f8018,2483.9,2581.6,97.7,2.5,841.42
ai_8d26b72194074a88b0f983fb98869d93,2493.8,2583.0,89.2,5.8,863.3
ai_6a0068fb4e0d42b5aed632c2488b526c,2497.8,2585.5,87.7,3.2,843.99
ai_2af586ec6df943ba9da4dccc3006851d,2506.8,2589.3,82.5,6.6,830.68
ai_23de2a54006f42c784964e216d6c8403,2478.7,2590.4,111.7,1.5,860.67
ai_ce40e27db7124810ae794bc1bc80745a,2535.2,2591.2,56.0,0.1,614.0
ai_3f4cba220e064b53a066b251b84860a0,2512.7,2594.2,81.5,0.1,862.53
ai_073a9bb157bf47f6a4188fa4a3e39f58,2548.4,2594.4,46.0,0.0,413.13
ai_be0c450f5abd4d13a8ce969ab46e7b5e,2489.0,2594.5,105.5,1.6,865.57
ai_1850812f670a4a58bfe153d826f78421,2501.6,2597.6,96.0,10.1,860.5
ai_6d1816e3add74a4b894e2d996e6b6fed,2542.4,2597.7,55.3,0.1,624.05
ai_48329f0d85df455da2d05dcb205d55e6,2517.6,2601.9,84.3,0.1,861.14
ai_4787442b57fd4cc4bb514e45a8532a4d,2521.5,2603.6,82.1,0.2,847.83
ai_d16c993291ce4d779a95f7a21ca1ca10,2531.0,2603.6,72.6,0.0,843.99
ai_73918f31ef9143a484c4e6009ab32840,2512.5,2603.7,91.2,18.8,647.59
ai_367338bf7cd74c6f9108752636f7eedf,2531.2,2608.9,77.7,0.1,846.89
ai_bcf9d9b6bd85464ba0ac2dc08dcedf6f,2544.9,2615.6,70.7,12.9,398.25
ai_cb472a1a5d464935acb7f3833716841a,2560.7,2616.0,55.3,0.9,624.05
ai_354fdeeedae045548ce8c1ca5d2d823e,2551.0,2617.9,66.9,0.0,843.99
ai_b7a3601ee9df41b497e58456d92bc564,2566.7,2622.2,55.5,3.1,626.84
ai_cfb38a2ddde54130a98b5521f399bd37,2525.1,2624.9,99.8,12.5,849.83
ai_ae2e692826a34053a02a8add6f084462,2537.4,2626.5,89.1,0.1,865.57
ai_e4bc92e95d494e63a767fedb943a76d7,2577.7,2628.6,50.9,0.5,400.29
ai_ce0b25b6a5644d7699fe41c69d93c6f9,2563.3,2631.2,67.9,4.9,643.97
ai_ef7c9e635bad4ab892798ce155ad909c,2531.0,2633.2,102.2,9.5,856.83
ai_db5eb864ae7a4df4a6a69d52964a2bd9,2597.9,2634.4,36.5,0.4,418.03
ai_6201ad92c1864d179d2b9461eb0a347a,2559.2,2635.0,75.8,0.0,850.97
ai_77c29dd28ef4449d953a10e0bf636542,2562.2,2635.6,73.4,0.3,870.47
ai_0c2891c1013b4461a14959523987ed09,2544.4,2640.1,95.7,1.0,847.83
ai_b37ab8c806024ea2abd0096c7ed8e44c,2538.2,2643.2,105.0,5.2,841.42
ai_7136a945f7284592935effc9788c3bf7,2553.3,2643.7,90.4,0.4,866.04
ai_809a8f6914de44f880d9012a4c1ce118,2535.1,2646.5,111.4,41.9,647.59
ai_c3156397247648878a01ee4cb1b20144,2539.7,2648.3,108.6,3.8,856.36
ai_cc17bae3f00d47efa0afc56ec8eac96b,2565.0,2648.5,83.5,20.0,645.06
ai_159d927767be41ea86af47c116528a70,2561.3,2651.1,89.8,0.9,828.58
ai_ba2373b72a2e4f4099749a5057ca6cb5,2570.5,2651.7,81.2,13.7,636.97
ai_4d551861cfeb4c52a45c19f1f49bb9bd,2607.9,2652.5,44.6,1.0,629.64
ai_9c9a0c0c3fc64e67924ac51740fbc743,2550.7,2652.8,102.1,0.2,841.42
ai_253170513b734fa88391dfa8a7768b29,2568.6,2654.0,85.4,0.4,854.83
ai_87136353a4784feb8559e25418bff247,2620.7,2658.4,37.7,0.6,418.1
ai_533c866514114820a0fb69f98c785af5,2554.7,2660.5,105.8,10.3,857.36
ai_a68a605045974508b26ba79b805d727d,2602.5,2666.2,63.7,0.3,843.99
ai_279a89239b4f4aa5a5698aff1449983b,2595.7,2667.7,72.0,1.7,873.5
ai_d183ec75cb834d5699fd9cf203474f8e,2574.4,2669.6,95.2,1.3,860.67
ai_9b521da401a04c369c89dfe7cca8c1da,2550.5,2669.8,119.3,15.8,870.2
ai_0f55f71a48d744b7aeec6c5e8f8970a8,2568.2,2671.5,103.3,4.9,870.67
ai_aa3528a89f7e4a959a130e91478b1746,2611.1,2676.1,65.0,0.1,854.83
ai_501f53552a9843afb2d6434186216e93,2622.1,2677.0,54.9,0.0,640.31
ai_94e3d1b05b524ebfaf37f85c61246867,2599.9,2677.2,77.3,0.1,843.52
ai_71181be538954ff7a6b330695b55b351,2600.3,2679.8,79.5,0.6,854.83
ai_40477f89b4124cf983c5dbfed33c6382,2628.1,2682.3,54.2,4.0,634.79
ai_18af595a4c5b4e62b1a5a2f9c8bea088,2633.8,2683.4,49.6,0.0,627.31
ai_1aaa235f71da4dfab684e75ef57e27ac,2618.1,2685.1,67.0,0.9,867.67
ai_0383d34c01d945bf8ae03c56f8ff3e30,2610.1,2687.1,77.0,1.7,862.76
ai_5deae30f1f7b46a1a7aea361c6fc262b,2613.1,2689.2,76.1,0.0,849.69
ai_eadf20c6d91b4882a731360047ac9976,2651.5,2690.5,39.0,0.6,415.23
ai_4a3afc29b8cb43afac6182a46351d1e0,2634.0,2691.2,57.2,0.0,624.05
ai_d2b85f7b133d41bbb2c6ba59f2d18732,2591.7,2695.5,103.8,10.3,870.67
ai_29bb827385fb46df8b742956e283e88b,2623.7,2700.6,76.9,0.1,854.83
ai_5eae8ab654554727a6734510606dff3d,2587.4,2700.9,113.5,9.3,868.1
ai_8a2186abb2c94cf29cc685ef95ac7cef,2655.5,2704.6,49.1,0.2,629.64
ai_463dcc7e90754ebea5b759798d125682,2668.7,2705.6,36.9,0.3,402.39
ai_680c9c947e7941dd87fcc983e5a4f857,2637.0,2710.3,73.3,0.6,621.95
ai_87116efda38d461588e57ee996fe8858,2640.9,2719.3,78.4,0.3,843.99
ai_5340063fd9fb4794a4a0cb1d4b346add,2629.0,2719.6,90.6,0.2,868.14
ai_e7cecff917c84bd3b95d9b999bb3e1fe,2665.8,2722.1,56.3,0.0,643.97
ai_2c194d17663b47ffb2e7ba290b2ca7c1,2610.9,2723.8,112.9,12.1,868.57
ai_ff451dd9432d4a39bf36c7d2a5e01c03,2643.0,2728.0,85.0,11.1,617.05
ai_9eb7ecc4c75b41e2bff1b9831f53b93b,2651.3,2729.6,78.3,9.9,647.59
ai_6797beab39bc4c9694e18f6b979c063a,2658.7,2729.6,70.9,0.0,857.97
ai_4b562933d3e349a7b10e2396b028a8cd,2624.8,2733.9,109.1,14.5,870.2
ai_4bc93dda9ecc4c3eb229433f60dfa520,2685.0,2734.5,49.5,0.1,631.99
ai_67314f220b4449138a1f92a9597caaa3,2669.6,2734.6,65.0,0.0,867.67
ai_fab3c1b29ea54b0e9e363c48086fc134,2659.7,2736.7,77.0,0.3,843.99
ai_8cb48b094dd04f6bbb133c226e22840f,2668.8,2740.9,72.1,5.4,641.87
ai_a1a5184a7a104da1a094a4e1d6d5f7cf,2666.7,2752.3,85.6,0.0,868.14
emergency_cefeb5ec8084490a9a30e889f43b5d58,2685.3,2753.2,67.9,0.0,856.47
ai_3b5a7f7fb99c48df80ac5c6fa74705ae,2656.4,2761.2,104.8,12.8,857.36
ai_1b3f8ecc13604b1aaded7771a61b31ee,2670.2,2761.3,91.1,3.6,870.2
ai_e73f06ba04134e9ba8e2a1ca172a9c97,2717.2,2763.6,46.4,1.3,411.1
ai_a02926943198486e819fd9e3dea61cb9,2715.1,2765.5,50.4,0.2,639.84
ai_1dd7b2ad4e3942d4974b2a72d2ca4fcb,2703.3,2767.2,63.9,0.4,626.84
ai_3cef63d822704c47a95ed1a111144999,2709.1,2777.7,68.6,0.0,868.14
ai_5925bce335954bae994cf647b46ca41e,2718.8,2780.3,61.5,0.2,624.99
ai_5253a949871b48d2bfc00b704e055650,2736.2,2783.7,47.5,0.2,400.29
ai_a7716ef349ce4849a8b34ef973f20cf7,2716.2,2786.3,70.1,0.5,849.69
ai_41dafde8c99b47f2883ee4a173ba4f11,2722.7,2791.7,69.0,7.6,624.05
ai_96821ed8c55c4e9cbe143927115e6ffa,2725.1,2800.1,75.0,0.0,850.97
ai_572541c302b743b094012ba5fb47afc9,2732.3,2800.3,68.0,8.8,626.85
ai_c4e2c4ec9eae48429f16645fa41ae75d,2730.5,2801.1,70.6,0.4,846.32
ai_43de7484a6184957a636149e8f80aba9,2729.6,2804.6,75.0,0.5,857.97
ai_6a7c40f22e304bb2b1c7760aad325b5b,2734.0,2810.7,76.7,0.1,854.83
ai_545960a3e5ab49a1af7620a9d963036d,2721.2,2811.5,90.3,0.5,855.76
ai_72fc7a0d1eb5441a8721be143b714c93,2755.0,2812.7,57.7,1.6,639.84
ai_f6ce7d9b09fe4015bf8d8c6e8d620916,2730.0,2818.0,88.0,1.9,854.73
ai_8cad1a4c5e0f48dd98614dcdad55d6a6,2746.5,2821.6,75.1,0.7,854.83
ai_beaf1ff4452d41908dd7ded99646befe,2770.4,2822.7,52.3,1.3,643.97
ai_937f178f660f47d3afdd57095ea73c79,2773.4,2823.7,50.3,0.5,416.0
ai_6f9b8c7623584e919389151c36303005,2780.4,2823.7,43.3,0.0,400.29
ai_aaabe738f94f478ea0d6b47b430cfb4a,2768.2,2825.0,56.8,0.1,647.59
ai_c3a34ac4230b4312829b9b982c0d30c2,2734.9,2828.6,93.7,0.2,858.1
ai_3d8da5a977f44a648c27406454989883,2794.1,2832.3,38.2,0.3,415.23
ai_d47e3532f3eb4cc1a329e7affbec9971,2762.5,2832.8,70.3,0.0,867.67
ai_114fba0a70ed4ca5b95ada14e2ba42ef,2791.8,2832.9,41.1,0.0,400.29
ai_e9084845775c449cb2a587569aa1eb99,2776.2,2837.5,61.3,0.2,646.77
ai_e482a75115d34e918e4437d9794d6f10,2760.8,2838.6,77.8,0.1,843.52
ai_c8b8c20354334c318080fd8bba9bb8d5,2766.2,2840.4,74.2,0.3,641.87
ai_196b551b0e83422d8e5755c40ac8309a,2768.2,2847.4,79.2,7.9,856.36
ai_abfa805fc1b8404d8aea8235a31a8859,2770.1,2849.9,79.8,0.1,868.14
ai_972aed96a4fb4e4f8f7e9369af33608d,2767.1,2850.2,83.1,0.3,828.58
ai_a4a7923c8d994cc09ce50bfa907238f1,2778.6,2851.6,73.0,0.3,621.95
ai_60705136bfc94f8b8273c020fe9a4317,2788.5,2852.0,63.5,1.0,627.0
ai_60b45ad82b6740019277462f466edd6d,2796.9,2853.7,56.8,0.2,626.84
ai_020868b324654428b9fc550ffe43142e,2810.8,2860.8,50.0,2.0,631.99
ai_90acd591f30f492eb299f231cbe5cc1e,2770.5,2861.2,90.7,0.0,868.14
ai_b715a0b5a1834cd9b5989c3a9184b3f0,2789.3,2863.3,74.0,0.3,868.14
ai_7df977e0f77d49acb334bf6369a25f7c,2773.1,2865.1,92.0,4.3,836.99
ai_c20952351ff84b7d85b1252140bc4925,2788.2,2867.9,79.7,0.1,847.83
ai_d8dfd17b16d14b3182abf8bd6cd1775c,2838.6,2878.4,39.8,0.0,416.0
ai_45f0cd9cb18c49edaa077acb8a232a4e,2842.4,2889.4,47.0,1.1,647.86
ai_503c74ea4e5a4fb7ac7deb82dbaf0f1d,2832.3,2891.9,59.6,0.3,624.05
ai_c12bf80d710148a2a8db645c9bb00b6b,2836.1,2901.0,64.9,0.2,862.53
ai_7bcdb6c085404f2c92356f847baea24f,2848.4,2902.3,53.9,3.9,405.25
ai_4928ce353ed241f78602863bf8ae3613,2828.6,2903.3,74.7,0.7,830.68
ai_53b8d63acb064da085b8f103de60fb5d,2821.0,2904.0,83.0,2.4,870.67
ai_0688e63a11a14c73a6d513b9b8236be1,2834.3,2904.2,69.9,1.1,862.76
ai_8bcccc0d5cdf40db8290dcbcc9a112f1,2825.5,2911.7,86.2,5.5,856.83
ai_f57ff8a9b4a94dbab37ccbf5acc95745,2825.8,2912.8,87.0,0.1,854.83
ai_b9165c0f652943fc9c0df4d207ca8f5e,2818.3,2918.4,100.1,8.8,860.67
ai_4c19bee0066745af8437bc997e451452,2881.9,2920.9,39.0,1.0,402.39
ai_59c9c9034ffa4c3a89adf310fefa9395,2851.6,2921.0,69.4,1.0,611.9
ai_af63bf648b2c4012bcae82e314ca5142,2879.6,2921.8,42.2,0.0,418.1
ai_dd1c61af3f374a258bfbe6f94298030f,2848.6,2929.2,80.6,4.2,843.52
ai_051700c0c0f3439799a9b076601850d2,2844.8,2930.3,85.5,0.4,860.67
ai_dcb27a05ae6640c0bba83be0778f06bf,2888.4,2931.8,43.4,0.0,408.23
ai_43f71d028b514df1827d6738f9c122d8,2889.6,2934.4,44.8,0.4,646.77
ai_31e41310586c4283bbd3a9c8146c108c,2867.7,2935.0,67.3,0.0,854.83
ai_4afa24fbf0984756864ffcfea015e69e,2870.1,2945.7,75.6,1.1,638.21
ai_a84f5334c4c845d5aadc5d3729cbbdb5,2867.7,2946.2,78.5,2.2,830.68
ai_4d88a6ccb11a4e2c9957f2c7cfc28672,2908.6,2946.4,37.8,0.0,405.25
ai_4fcc09c836a24559809db85630603d6b,2878.4,2947.5,69.1,0.2,867.67
ai_95464bc94b474ba484309609412ed89f,2844.1,2947.7,103.6,3.3,855.26
ai_b1ca80be27184df2a0191079574f009f,2870.5,2953.1,82.6,5.7,870.7
ai_cf93503ae7c443f5a6c976186854a45d,2845.9,2955.5,109.6,8.1,854.26
ai_af9f5bdeee3f42fba7827d5adef05761,2895.8,2956.5,60.7,8.2,643.97
ai_d7f4b2afcad6481983a78928f277a083,2882.5,2958.3,75.8,0.2,860.2
ai_3f313d5c7e924cc689cbb1e0c6cb0d3e,2854.7,2963.3,108.6,21.2,856.83
ai_60d7d2d765ff4e5abacdd44c88bc3f5b,2912.2,2967.8,55.6,0.0,647.59
ai_4ca55382ea67400ba448175b6fe4de11,2851.5,2971.1,119.6,6.4,868.57
ai_90fdd0d160b74ff7984e34ac3f9f1eec,2928.9,2975.1,46.2,0.0,400.29
ai_737babff09ca432ab268bd9f6ae0186e,2899.0,2979.0,80.0,3.3,624.9
ai_a33847c178fd47ac9f440db9d1139bb1,2865.3,2980.6,115.3,18.7,854.73
ai_40ee04dca39b42ae8e16f01840be4c69,2900.8,2980.6,79.8,0.4,830.68
ai_2b9e5b7374dd432b87ce68add463e91d,2906.9,2981.7,74.8,2.5,830.68
ai_5128490068734aebb59f729445887c3c,2936.8,2985.0,48.2,0.0,626.85
ai_a68dc0d9eb62485c842cc19291821131,2902.6,2987.1,84.5,0.2,843.52
ai_93b57499209f44d5a58189108c6d13ab,2929.9,2999.0,69.1,0.1,830.68
ai_cb3c4d6dcb264f7d90549ad46e5fa47d,2962.2,3003.5,41.3,0.2,415.23
ai_d349da92485a476dbd6bc0455c552986,2932.5,3005.6,73.1,0.6,843.52
ai_afb98e7052f44c95bc1dbaf1ee718005,2948.7,3015.4,66.7,0.1,633.31
ai_5619392c7b4e43f3856ee3516116b864,2960.6,3023.3,62.7,0.3,846.79
ai_f724d2d578484993aa24a754aca75abc,2927.2,3027.5,100.3,12.1,836.52
ai_b6fbd9544ec94d6a9b4aa7c1fc91ed00,2939.2,3029.1,89.9,4.8,843.52
ai_5e34376d48094e17b7f5508e721c4c6a,2941.1,3030.5,89.4,1.1,860.67
ai_4c35f75a48e247248655deb9bd18da2d,2927.7,3030.6,102.9,2.3,865.57
ai_9da0ca5406304a558b4c19dee606eeff,2967.4,3031.9,64.5,0.2,638.06
ai_aed8f5186369433a83ca65d4c83bbbfb,2932.0,3035.5,103.5,10.9,859.73
ai_02af26dfb2f145dbb61e4e16463ce950,2966.8,3035.5,68.7,6.3,643.97
ai_95948de999a2479ab1d5ea4699cf0082,2982.5,3037.5,55.0,0.3,631.99
ai_701d012bd33d4e4e9a54a334ac27e42d,2959.9,3040.6,80.7,0.0,855.87
ai_c5836e5277214b87aa89d9719262595f,2992.2,3051.8,59.6,0.8,614.0
ai_94249ad1e75247b7bc5efd6036250d6a,2962.5,3052.5,90.0,0.7,841.89
ai_a8762656f7294a53b5b57333390931cd,2954.7,3053.6,98.9,0.1,856.83
ai_0d4559a6966d46b7b5304a87be30e302,2984.2,3058.1,73.9,1.5,870.7
emergency_300bb1b162f44283bc2555b7f90d4285,2983.5,3059.6,76.1,0.5,858.23
ai_04ac11a819dc45048c1498531e3ece98,2989.3,3064.4,75.1,0.3,857.97
ai_793020a71a1d4798875208fbc40af029,2986.9,3065.8,78.9,0.0,843.52
ai_919fe36600534df5b0f44a3bd6be5fcb,3024.1,3067.4,43.3,0.0,408.23
ai_2a8329df67344872b48d9629706f8603,2979.9,3068.1,88.2,0.2,828.58
ai_1c442e1607d943a58f7ae580464dbff6,2983.9,3070.6,86.7,2.2,870.67
ai_34c76f2a452f4a9f91c8922c72e9ba7a,3001.0,3072.2,71.2,4.8,647.59
ai_51e426b8d6b34820941f75f74f88ae22,2993.3,3082.7,89.4,0.2,847.83
ai_a1b4cf8d36ae46fea7f84c273f215aa5,2985.0,3082.8,97.8,0.3,866.04
ai_7959069635a548c39ec2c2c210a13957,2997.3,3084.3,87.0,0.4,844.79
ai_2075895872e64f82afb3e7d4c4210b17,2997.1,3084.9,87.8,0.6,857.36
ai_93ca1dcf86144cc5a1a9012da4418505,3001.7,3085.3,83.6,0.9,843.52
ai_8e7c41989405424391f2ec4e73967ee3,3031.5,3086.9,55.4,0.7,643.97
ai_fa3c42706e6343a29cf9c7e3d25a0149,3009.3,3087.6,78.3,0.7,830.68
ai_c171787a4bfc46ca892cb0e8a2953ce9,3028.6,3087.8,59.2,3.3,624.05
emergency_22a4491b9ae546ea82da84bd56aaa539,3010.4,3087.9,77.5,1.7,842.02
ai_a36f54dcc41e48b5937d46ab53d65b90,3003.6,3090.2,86.6,4.9,870.67
ai_7b9612f9cf36489e8f0e743b38a54210,3032.0,3090.7,58.7,1.3,614.0
ai_0ab786bdb5034bf49b54806c4e32b5aa,3020.5,3093.6,73.1,2.4,870.7
ai_a6fb5e48ec5e4fbbbba833477a2c90fe,3015.8,3095.8,80.0,6.7,856.36
ai_3fa43718032742009b819e96cd00dd52,3010.4,3096.3,85.9,15.6,647.59
ai_51f0dbf59ae540c88fd0d2697d2f3597,3023.1,3104.0,80.9,0.0,859.73
ai_c82b964e04c644d7abd9a2645bc5d7d6,3038.4,3105.1,66.7,7.1,643.97
ai_ed3e7b64756b4c1d9beab4f55b2587ad,3006.9,3105.2,98.3,0.5,866.04
ai_3ec346835ddd4282bc5880e95ec1436a,3050.8,3123.4,72.6,0.1,636.97
ai_f4a82a2267e247cca28afad61bb081c9,3048.1,3124.3,76.2,0.1,854.83
ai_d070744a7fcf491485091177d8104340,3079.3,3125.2,45.9,0.0,643.97
ai_78629b1b03b7412685bb53a0973bc0a6,3046.8,3127.3,80.5,3.6,856.83
ai_b334d57ff7b7491c8443e5946221c2aa,3015.5,3131.1,115.6,18.3,870.67
ai_d099f598169b4fcc9f191c5bdc13506f,3055.6,3133.0,77.4,4.3,856.36
ai_376b0592d46f4b10aa9880c743d63f33,3055.3,3133.5,78.2,0.1,867.67
ai_d61b5b1773c7434aad02b7d3ece439ef,3032.5,3143.0,110.5,21.0,860.5
ai_ad08993bca6840d0abe8d9b7de887487,3092.5,3159.0,66.5,0.1,843.99
ai_ac313930a08c4f53b2ab2ad9f487db07,3088.2,3163.7,75.5,0.0,855.87
ai_aa1ac26d80ca4867bc8e4082d0da0ac9,3106.2,3165.3,59.1,2.9,650.39
ai_03804e267c1d4a1d87f4a3c3e20a8f89,3116.4,3167.0,50.6,0.0,631.99
ai_0c6822b150a344b8b8e6d6ee8c290060,3102.8,3168.4,65.6,0.3,617.05
ai_d144bd7454b14b70900ce0432765b1b4,3074.6,3168.9,94.3,1.7,863.2
ai_b1444697d4e74843837b1bdf375875e3,3140.2,3172.6,32.4,0.0,402.39
ai_105483198a42452fb716dc28bc243c99,3086.5,3173.7,87.2,0.4,870.2
ai_91c512e5aebc4a1b92182a7cba30db48,3100.3,3177.7,77.4,0.2,870.67
ai_8ef90f26f1fc47c9ac97afb5e8fb09f4,3102.0,3178.5,76.5,3.4,843.52
ai_27221d6228814204bff85b17263cebfe,3116.5,3178.5,62.0,0.0,833.48
ai_f028502d865e4a7a8bb005c02a33b6cb,3079.7,3179.3,99.6,1.9,841.42
ai_e3bf5119b3184d4abf1338e53f105d28,3108.4,3183.4,75.0,0.7,856.83
ai_4473c0475b724648a87aa2e2cda04366,3073.8,3184.8,111.0,3.1,866.04
ai_17b5b87b403e47f88f8277900c088432,3087.9,3186.7,98.8,0.2,852.73
ai_f993ab02731c48218d0f77b96df9f99c,3133.2,3187.7,54.5,0.0,626.84
ai_360f9fbd555041409907161fe94f874b,3101.2,3191.0,89.8,5.3,868.14
ai_bfddce5a820b4d70b7885f2e00694dae,3121.1,3193.9,72.8,0.0,868.14
ai_ea65be51637a499fa8279b6e37ba633a,3126.3,3194.3,68.0,0.0,843.52
emergency_6205cec9f5a14e88a51cf61efec8f146,3139.0,3197.6,58.6,1.1,643.56
ai_5cb433ccf8d4424685e608723bb2635a,3145.1,3203.1,58.0,0.0,631.99
ai_264df7ba0edb4da3985de932510e257f,3125.6,3204.5,78.9,0.0,867.67
ai_4dbb9f754ac94777890b8a72c367a9cb,3149.9,3207.4,57.5,1.0,640.31
ai_89e6d45039ed400d8f9f354101093c9c,3134.5,3212.9,78.4,0.5,854.83
ai_f5ff7cad2c3744b19c068795b335c8fb,3126.1,3214.3,88.2,0.3,853.5
ai_de445dbe43a44f7e848b655affb220e6,3154.3,3215.7,61.4,0.0,636.97
ai_7b5168b42db94c1fbd02f3bb476dc348,3146.4,3219.8,73.4,0.0,857.97
ai_5f2d31ddaa964957a3c18a5004b9a992,3148.7,3220.8,72.1,0.0,870.7
ai_a032bba5326c470e8f9b49ada6e3beea,3148.6,3223.8,75.2,3.0,624.74
ai_8b32503e24914c099960de56ba8bcbd3,3131.5,3225.4,93.9,6.2,857.36
ai_1f8d141d853e4a948fb2608a47d7f1ad,3149.0,3231.8,82.8,0.4,867.67
ai_f74a5883e76740fdb464f80829b226d9,3164.8,3234.3,69.5,0.9,867.67
ai_4f3646e931a24980b9866e42bec9aafc,3175.6,3235.1,59.5,0.4,614.0
ai_aaeecfbcbf5343eeb4a98e3113a0cab0,3158.3,3236.6,78.3,0.1,843.52
ai_ec6cd56e7edb4bb9ad100dd5bb401b04,3159.5,3236.9,77.4,2.2,870.67
ai_7fc66f885dab40bc89e38204d199572d,3169.4,3240.6,71.2,0.7,868.14
ai_e71b9d4b2ccf404c96288c96f4040c4f,3161.0,3242.8,81.8,0.4,868.14
ai_357546613dd04a709f283e50d80c4102,3172.0,3245.3,73.3,0.4,868.14
ai_b54953326ca2497eb7998fba9c8edf0b,3204.7,3246.0,41.3,0.7,418.1
ai_493a2953e3c1402099871991749ee69d,3194.5,3249.9,55.4,5.2,413.13
ai_5b6c2a5d55174093abe014e187f89129,3175.1,3251.0,75.9,0.9,856.36
ai_4cb3421687f34df3b4b6d3c9e103590a,3152.0,3251.1,99.1,0.1,865.57
ai_80e8ea3aae9d45ccb4d270f35ad013e8,3174.1,3253.1,79.0,1.6,870.47
ai_4cdde6c775764360b8fa53e466296a53,3161.3,3258.1,96.8,4.4,868.6
ai_581402aa73e249dcaf125c94dfdc93fd,3171.3,3261.1,89.8,0.1,852.73
ai_2d80044c010d4e4ba304ce7b6c7d7465,3194.7,3261.1,66.4,0.2,854.83
ai_10901c4ea6a04e7eb41d80ed41a53505,3198.9,3270.1,71.2,0.6,867.67
ai_a523e654f42d428b8611845cfb173002,3211.7,3271.0,59.3,0.0,870.7
ai_23a11644b5544f12a2553726105773bd,3200.1,3276.8,76.7,0.5,846.89
ai_83a77d6a322d4b3a814f7df4a49ce766,3202.1,3281.7,79.6,0.7,843.99
ai_0a95c844a4d148d49d87c239c4ab1da4,3242.0,3281.7,39.7,0.0,415.23
ai_dd573f43d66747768817fb320c98533a,3203.9,3282.3,78.4,7.4,857.36
ai_5a968aa20a7b46e5ab484ac657a33529,3214.6,3289.6,75.0,0.7,843.52
ai_952d5a8d711f482388000bfcd42fdccf,3211.1,3291.3,80.2,1.0,859.73
ai_cd63886cf4e2400e8aa98fa8c5543333,3256.9,3293.8,36.9,0.0,415.23
ai_4a1745056c814c2fa3ed6d48a49a4c25,3259.9,3294.4,34.5,0.0,418.1
ai_f4d0462c5d434b059e0179ad111f26c8,3222.0,3295.4,73.4,0.0,867.67
ai_f190baad00c9475e8939481a7874dfea,3254.3,3300.1,45.8,2.6,402.39
ai_63581afd501b4cf6aa958c1ee93df333,3227.8,3301.6,73.8,1.6,843.52
ai_694538ccc7084776a481c975c4701f3c,3233.1,3302.9,69.8,0.2,611.9
ai_44f884dc608247ab8663d9a94cd68958,3233.1,3304.0,70.9,0.4,621.95
ai_be3159140c364001981e69594eef2fa7,3253.8,3305.4,51.6,0.1,647.86
ai_acfea17d40404e05882c9e32a5abd2ed,3249.7,3305.6,55.9,0.6,624.05
ai_fb476728750844e0880d3f7bf2f6ada6,3263.1,3306.5,43.4,0.0,408.23
ai_f31739434ecf48eca9aef22cc302cb31,3235.9,3310.9,75.0,0.2,854.83
ai_8025d1c0f9814658b10cefa41e152182,3251.7,3312.8,61.1,9.2,408.23
ai_d3be888a1b9c4fa9b55bacc75f387616,3225.0,3315.0,90.0,0.1,857.63
ai_e83b194376f343c1b2f9dd7955668467,3232.2,3316.1,83.9,5.5,857.36
ai_51b01515a7b04003a0c94f0377e99e68,3229.3,3316.6,87.3,0.9,859.73
ai_5546764898844b5287d310a01ec966d2,3212.3,3318.5,106.2,10.5,858.4
ai_4182c55cdf964be59b3438d054816ab1,3253.3,3321.6,68.3,0.0,624.74
ai_e77347aff52f454290089da2cf298857,3271.0,3334.8,63.8,0.1,854.83
ai_f1a5c46100f5472d9087dc70536f6ff5,3248.2,3336.0,87.8,0.4,858.1
ai_6b0b593d4c7a4f8aba2c650ffe29a729,3257.0,3336.3,79.3,0.8,843.99
ai_72b518924c9d481ebc308bf6ec6a5ede,3265.0,3344.0,79.0,0.0,868.6
ai_66abe8257e4e46c6b3d002efe889bc08,3274.1,3344.6,70.5,3.9,629.89
ai_32d0b1c25d314418be3247871f9e8e7c,3308.5,3346.4,37.9,0.1,418.1
ai_9819a1532f594869a8793b938e3d682e,3274.8,3347.6,72.8,0.0,854.83
ai_d88782e3f5f84cc6b1ffcba918de1b0a,3298.3,3348.6,50.3,0.2,640.31
ai_e86bd4e3ae88481ba360fe8811677c44,3274.8,3352.7,77.9,0.3,843.99
ai_bf8eb0278f074f9bba8c144bb8a51ddf,3315.9,3353.7,37.8,0.1,415.23
ai_88dadb81e7814ec2a1d28098d5d85a11,3278.4,3356.3,77.9,7.0,631.99
ai_94564b1b7deb47df989190683e0aae16,3257.3,3357.0,99.7,5.5,858.4
ai_c513d306e39e4fb194d8f9bf1c934d88,3322.5,3359.5,37.0,0.0,415.23
ai_25f8a1cbcf4b49f9b29606598e1ae4c2,3268.0,3361.3,93.3,1.9,854.73
ai_99d64aaf7bc346749655b2d9ea1b59b7,3297.9,3364.2,66.3,0.9,867.67
ai_3ec31d50b9684825ba91f7dcd7787ee8,3308.3,3365.7,57.4,0.8,631.99
ai_4e9fb91175da402bbe88ff1d830284a5,3290.1,3373.3,83.2,3.1,868.14
ai_1bdd7a8ae87749af8ce9c185405faf59,3292.8,3374.4,81.6,0.4,860.2
ai_fe32b9072be946f1aaebc9c93554cbfa,3293.7,3376.3,82.6,0.4,870.2
ai_5f0189bc49e748118c3aeff4b018854a,3339.4,3376.6,37.2,2.8,418.03
ai_b01c3590468c4c8eab6bd1b8bff2554f,3341.1,3377.6,36.5,0.0,420.9
ai_685061fa7cc44345962fd82beb7c4c0a,3318.9,3382.7,63.8,0.1,854.83
ai_137046af6c394cc19a71e93869270f48,3309.8,3383.2,73.4,0.4,846.89
ai_e59d18d1bc5149f0ab8cebdfd6d69b98,3362.6,3396.5,33.9,0.1,405.19
ai_ad3d68b98b04407f90375adcd1e18ebe,3327.3,3397.4,70.1,0.4,629.89
ai_e2e2ac5294624bd4b51856c186a4edaa,3320.3,3399.5,79.2,2.6,640.59
ai_01fb2ca87f83407d8cf095b62a7f44ff,3318.0,3399.9,81.9,0.1,843.52
ai_e6004b8d3dd84cdfb34c5cd31c45131c,3336.3,3409.8,73.5,0.2,860.2
ai_3db3b0ae90404d3e9782358b47e49490,3336.5,3410.8,74.3,2.6,843.52
ai_7d581a05774747a58f48991c68ec5a6c,3344.6,3416.2,71.6,1.1,638.06
ai_f7d3b9a718434f079eedc017a33f5768,3346.3,3419.8,73.5,1.4,863.0
ai_4f4dd0d6553d4a87b4259cde454f4a51,3355.8,3419.8,64.0,11.1,416.0
ai_b11082a653f9481e94f65421b478449f,3334.8,3420.4,85.6,0.4,870.67
ai_ce18300e76d44d5b966daabeec15627e,3325.5,3420.7,95.2,5.1,870.2
ai_df019b7143d445ee9f7f21ab1dc3f86a,3387.9,3423.0,35.1,0.6,420.9
ai_ef74096098db4586971c0874f40e8e0b,3384.4,3423.7,39.3,0.0,418.1
ai_2d02a2db32e2407dbbb90531107c2b22,3337.4,3430.5,93.1,16.9,647.59
ai_c8ab1e6445e644ef9031719b22430c8b,3396.6,3431.2,34.6,0.0,402.39
ai_6cacd5a29f9b456fbe130523f77b6ab6,3359.4,3434.4,75.0,0.1,870.94
ai_209af54274164d678f6eb99c14a3a7d9,3365.9,3437.7,71.8,0.0,870.7
ai_6d118b9286fa4405befdd40011a69aa7,3357.4,3437.8,80.4,0.3,867.67
ai_1a62ee5c31c344e680fae547fc197c42,3373.4,3442.8,69.4,0.1,860.2
ai_0c7cdc2935444bc48b4ff81ca8221565,3373.3,3447.4,74.1,14.4,626.84
ai_67b0f86c8a4e42c29815e002af1d017e,3362.0,3448.2,86.2,0.3,836.99
ai_9aeb68d049184159a059889f3e450c8d,3400.5,3454.7,54.2,0.0,645.06
ai_8e28f5f1e56b477681e5c36f388e792c,3340.0,3454.8,114.8,7.5,870.2
ai_4f79638632ec4a6cac960050fdde5207,3356.4,3454.9,98.5,0.5,850.36
ai_ec3e45b4fc0c4d519cc6178c7b2a5f83,3384.1,3455.6,71.5,0.4,843.99
ai_3f722c380ccb4e0d90339bdf8525488e,3379.4,3455.8,76.4,0.0,843.52
ai_88212c34bb9548af9621da1dae763ee3,3374.8,3461.0,86.2,2.4,857.36
ai_125704cd2075410d8650079a1103d02e,3402.4,3461.9,59.5,0.0,629.64
ai_35636da3274d4e3eb0fe00680ee069e4,3397.9,3462.0,64.1,0.0,857.97
ai_877a144d6bf04c26a119c58d5637bfd3,3402.9,3464.6,61.7,0.0,631.99
ai_47ba6f70a09140de87cd73c5bc843f25,3380.0,3469.0,89.0,1.5,870.67
ai_f0c6bda13c5d4d989197ada5aacf967d,3377.4,3469.4,92.0,0.1,870.2
ai_ce3af5aefa884bfe9692ad0fc424e907,3403.1,3475.4,72.3,0.7,868.14
ai_ac4eb1114bd04c519b8e9e1f6084cc9b,3404.0,3477.0,73.0,7.1,636.97
ai_92a315c68181462ca748e1c08af0f028,3404.1,3477.8,73.7,0.4,859.73
ai_95763204100c483e8bb996e5016666e4,3401.6,3479.2,77.6,0.3,860.5
ai_f113dfeb9f774c39b9b344f085c457c3,3411.8,3480.7,68.9,0.7,643.97
ai_f68042f7c2e143f78ee547ef8f39b983,3407.2,3483.8,76.6,0.6,870.67
ai_28a6842527c342f2bc2ea4b5151a977d,3450.6,3486.2,35.6,0.0,418.1
ai_093937b010334a3087524e4392d96113,3402.8,3486.5,83.7,6.0,843.52
ai_f69f67987a9b4b17a0f7d3a28d84435f,3421.1,3494.0,72.9,4.9,843.52
ai_675b90afb66249a29426c6e1cf38ca42,3432.2,3495.3,63.1,0.9,646.77
ai_00de7723ace94268a8f2c833451cea86,3419.5,3505.1,85.6,3.2,843.52
ai_a4adb499b0204ae9b0d0010addc2b57f,3431.2,3506.9,75.7,2.6,863.3
ai_9c14306a79104142b21b4c09966fe7b8,3425.9,3512.0,86.1,0.0,844.79
ai_60bda83598c4431886303cbaba297fa4,3459.8,3513.2,53.4,6.3,405.25
ai_3c7b6a875e6e47bdab7f6fca84fc6924,3460.7,3514.6,53.9,0.0,614.0
ai_12cffe7d34384b1f9f37fd749012ac5e,3416.8,3518.0,101.2,6.1,868.57
ai_4af5bb7beb9e4d9cb26d27dade2e3d6c,3439.1,3518.6,79.5,2.0,860.5
ai_7fb86c760dd64fd28650b341f5a593e9,3460.1,3523.0,62.9,5.6,626.84
ai_8e0baa7da46849baba18297ec5995c4d,3481.3,3525.6,44.3,0.0,631.99
ai_174510a823a240709f72a6613e6c6927,3430.9,3526.1,95.2,0.4,844.79
ai_b59617fda2134a4d97f0bd719470bb46,3498.5,3535.1,36.6,0.0,415.23
ai_407eef55a8924a42ad5f6d9b334737a7,3467.3,3538.2,70.9,0.1,868.14
ai_541dc811cfe3466a901a3ed9e5d1d8a0,3450.4,3539.0,88.6,0.2,865.57
ai_a10d058b6c7349869330d253c8defd9e,3470.5,3544.4,73.9,0.0,843.52
ai_79f1d11976c74039b2e7623ecf9dc148,3493.0,3545.9,52.9,0.6,643.97
ai_8bc5299370a94f88ad1ecd360a632ea5,3473.8,3548.0,74.2,1.3,830.68
ai_7fed8e8e4ffb4742ad47e67e9f3d4c3f,3453.4,3553.0,99.6,5.2,858.4
ai_84e3eeea4f284136a04ac4337f5c9551,3476.5,3553.0,76.5,0.7,830.68
ai_71a3b02edc694b94903c85bcc45be0dc,3471.1,3555.0,83.9,6.7,862.76
ai_59ff9b55e1034e51aec28bfb71b95c13,3508.3,3556.8,48.5,0.2,413.13
ai_0404dae7781b4005b94eb0d55735e0d9,3479.1,3559.8,80.7,0.7,843.99
ai_a1fc673523ae48608a629936c1bd3887,3462.7,3562.6,99.9,8.1,856.36
ai_9aa194287c1c4091a1d69c1393090f0e,3497.3,3566.8,69.5,0.2,617.05
ai_c0ad77be3d874790861b673387d7d820,3501.2,3570.0,68.8,0.6,868.14
ai_f1ad597f8f494122894538ef00154fd9,3500.5,3571.0,70.5,3.1,646.77
ai_6ec7695d062c479f8cd5e392dbdf8f8d,3483.8,3572.1,88.3,0.1,868.14
ai_7fc096a76ff44abf8eb3e65f9cb8065a,3473.9,3577.0,103.1,3.9,863.2
ai_f481de379f494877a9f5a7ed81549980,3499.0,3578.6,79.6,0.0,846.89
ai_19ac3dd853ca4d9ab8710656c5614b56,3534.4,3579.8,45.4,0.1,395.39
ai_283ab6f0c0ee4a77b28abb5a34d1d58c,3506.7,3582.4,75.7,0.1,867.67
ai_0b0bc3ec18bd48c88bb782dbac74af99,3513.6,3586.4,72.8,0.0,849.69
ai_c5d19526acda48e5bec83cbe0bb777c1,3468.1,3587.0,118.9,18.5,865.57
ai_bb89ea8a8f6645d0b45f2bfc35af383b,3494.2,3587.0,92.8,6.2,866.04
ai_0b0d684c35c54e03afe51f5b33a8942a,3513.5,3591.8,78.3,0.0,823.68
ai_30e3940bc5b049ff9d48e0a8ca32285e,3541.4,3592.0,50.6,0.3,626.85
ai_322789a66bfc432c995e56b8c81963a4,3498.8,3592.4,93.6,0.7,841.42
ai_e735d5ac7a274b3fb03ef5909e315d66,3520.4,3596.5,76.1,1.0,639.84
ai_5f6bac1f1fc9416fb4dd926790c02cee,3534.7,3601.9,67.2,0.3,857.97
ai_abebddba45df4041bc4a094f2bd9a106,3509.2,3602.1,92.9,9.0,870.67
ai_f3528d586ea048c98ebaecd4c017797c,3502.8,3604.6,101.8,3.1,863.2
ai_356b342e23fb47efaf3861d821f4e0dc,3539.0,3607.7,68.7,3.8,638.06
ai_9fc1deb6445041608a1fa23422b54e1b,3528.7,3608.1,79.4,1.2,862.76
ai_0d2bab210ad9428abb589677e49b04d0,3531.3,3608.6,77.3,0.3,830.68
ai_7eb7b09dfaf94db1aa4422e6d8b9ff87,3472.9,3612.9,140.0,30.1,857.63
ai_75c2dc49a57142e48ad26ca3502a6575,3497.0,3614.0,117.0,26.5,867.67
ai_2d62f302b14e4fd4af2f67c52e9ddf57,3528.9,3617.0,88.1,0.1,853.2
ai_d53c1af07726482699b80d86613da49b,3536.1,3619.0,82.9,0.0,862.76
ai_47f93c4e91c74296bfbe02739789340b,3543.5,3619.8,76.3,0.6,642.96
ai_44c9a25328ca42b8ad1bf0d912ff6adf,3552.3,3621.7,69.4,0.0,843.99
ai_2f0e0d76fcc84c0686da923f52772b71,3572.9,3630.4,57.5,0.6,639.84
ai_e45214472e494b5896b54391b5c62db0,3561.8,3634.6,72.8,0.1,854.83
ai_9e5937e905364abda28ffa88837f55ad,3525.3,3636.6,111.3,13.7,867.67
ai_4d1abca3f8c440d4af37c3783c9e0264,3568.7,3638.0,69.3,14.3,629.64
ai_6347ee26a8304491b59acf6841207100,3562.7,3639.3,76.6,0.0,870.2
ai_4a7068f660894c4ba103405ce696cad8,3559.4,3643.0,83.6,1.2,857.36
ai_405f2922564841dab044187a502b764e,3565.8,3643.2,77.4,0.5,854.83
ai_80660cdd39584ea480af3e89994e749b,3539.5,3648.0,108.5,12.2,841.42
ai_e02cb5034607416eb330e0f29e0ac167,3598.1,3648.0,49.9,0.0,643.97
ai_11c858aba7cb4b3f835c25e8de1f3e7c,3499.8,3654.1,154.3,40.9,856.36
ai_ca83369cd33d4556b55261af758b5dc6,3533.5,3656.1,122.6,13.6,856.36
ai_6129ea063b784b93a8e75edfdd6e588d,3575.6,3662.7,87.1,0.4,843.52
ai_dbb1425f384c4d1e8c09b8547945703c,3576.3,3663.5,87.2,0.4,857.97
ai_5ab82453abf24d75bec5c49d5b6b51b8,3561.5,3664.2,102.7,12.8,856.36
ai_4f32039a261c4a3cb17d0fb4b3f64d26,3573.8,3664.8,91.0,1.1,828.58
ai_9b529e78001f4d04be00312ddc7781f8,3600.0,3665.8,65.8,0.0,860.5
ai_af85f3fe398e4e4ba454d9fea52973f6,3586.2,3670.1,83.9,0.2,870.2
ai_aec28446ce86415086918fbfa009da2a,3595.2,3676.6,81.4,0.6,846.89
ai_b86037c09ba24122b15a9235e68007e8,3579.8,3695.7,115.9,10.9,865.57
